id,jurisdicao,secao,referencia_completa,autor_orgao,tipo_documento,tipo_grupo,temas_centrais,resumo_analitico,localizacao,url
BR-001,Brasil,TRIBUNAL SUPERIOR ELEITORAL - TSE,"BRASIL. Tribunal Superior Eleitoral. Agravo Regimental No Agravo Em Recurso Especial Eleitoral 060058045/SP, Rel. Min. Antonio Carlos Ferreira, Acórdão de 30/10/2025, Publicado no(a) Diário de Justiça Eletrônico 185, data 06/11/2025.",TSE,PRECEDENTE JUDICIAL,Precedente judicial,Deepfakes; WhatsApp; Gravidade Probatória; Inteligência Artificial; Integridade Eleitoral.,"O TSE, ao julgar Agravo Regimental em Agravo em Recurso Especial Eleitoral oriundo de Ribeirão Pires/SP (Eleições 2024), manteve a improcedência de Ação de Investigação Judicial Eleitoral fundada na divulgação, via WhatsApp, de áudio supostamente produzido por deepfake que simulava a voz de candidato para atribuir-lhe confissão de fraude em pesquisa eleitoral. O caso revela uma das primeiras manifestações explícitas do TSE sobre deepfakes em contexto contencioso-eleitoral, reconhecendo a elevada reprovabilidade qualitativa do uso de IA para enganar eleitores e manipular a percepção pública. Contudo, o TSE assentou que, para configuração de uso indevido dos meios de comunicação social e eventual abuso apto a ensejar cassação ou inelegibilidade, não basta a existência material do conteúdo falso: exige-se prova robusta da gravidade concreta, compreendida também em dimensão quantitativa, com demonstração objetiva do alcance da mensagem, número de eleitores impactados, eventual disparo em massa e repercussão real no equilíbrio do pleito. Como não havia comprovação do total de integrantes do grupo de WhatsApp, métricas de compartilhamento ou difusão significativa, o Tribunal concluiu ser inviável presumir impacto eleitoral apenas pela natureza grave do deepfake. O precedente sinaliza que o TSE trata o uso de deepfakes como uma conduta potencialmente grave e antidemocrática, mas exige lastro probatório concreto sobre a circulação e a influência eleitoral para aplicação das sanções mais severas.",Disponível em: https://consultaunificadapje.tse.jus.br/consulta-publica-unificada/documento?extensaoArquivo=text/html&path=tse/2025/11/5/17/7/10/2c102cb89c2d3270995a820ebba6efbc4da2c4bd45117786681d877b7d640cf9,https://consultaunificadapje.tse.jus.br/consulta-publica-unificada/documento?extensaoArquivo=text/html&path=tse/2025/11/5/17/7/10/2c102cb89c2d3270995a820ebba6efbc4da2c4bd45117786681d877b7d640cf9
BR-002,Brasil,TRIBUNAIS REGIONAIS ELEITORAIS - TREs,"BRASIL. Tribunal Regional Eleitoral de Alagoas. Recurso Eleitoral 060073709/AL, Rel. Des. Rodrigo Malta Prata Lima, Acórdão de 12/11/2024, Publicado no(a) DJE 228, data 19/11/2024.",TRE-AL,PRECEDENTE JUDICIAL,Precedente judicial,Deepfakes; Instagram; Propaganda Negativa; Desinformação; Liberdade de Expressão.,"O TRE-AL, ao julgar Recurso Eleitoral proveniente da 14ª Zona Eleitoral de Maragogi/AL, reformou sentença de improcedência e reconheceu a irregularidade de propaganda negativa veiculada no Instagram por candidato adversário, impondo multa de R$ 5.000,00 e determinando a remoção do conteúdo. A peça publicitária comparava o recorrente ao “jogo do tigrinho”, imputava-lhe compra de votos, atribuía responsabilidade indireta por mortes de turistas e utilizava áudio cuja autenticidade foi contestada como um possível deepfake. O TRE-AL afirmou que o uso desse tipo de manipulação constitui irregularidade grave em tese, ainda que, no caso concreto, não houvesse prova técnica suficiente para confirmar a fabricação artificial do áudio, nem para definir autoria específica da adulteração. Apesar disso, o Tribunal entendeu que o conjunto da propaganda extrapolou a crítica política legítima e ingressou no terreno da desinformação ofensiva, com abuso da liberdade de expressão e intenção eleitoral de desqualificar o adversário mediante imputações criminais sem lastro probatório e exploração de material sonoro duvidoso. O acórdão também aplicou o art. 57-D da Lei das Eleições, acerca de manifestações abusivas em redes sociais, reforçando que a liberdade de expressão no ambiente digital não protege ataques sabidamente inverídicos ou manipulações que afetem a higidez do pleito.",Disponível em: https://consultaunificadapje.tse.jus.br/consulta-publica-unificada/documento?extensaoArquivo=text/html&path=regional/al/2024/11/14/18/18/24/a38461f472e346757e47b6d221bc74f55e9764a2150baee12fd8a063f60f89e0,https://consultaunificadapje.tse.jus.br/consulta-publica-unificada/documento?extensaoArquivo=text/html&path=regional/al/2024/11/14/18/18/24/a38461f472e346757e47b6d221bc74f55e9764a2150baee12fd8a063f60f89e0
BR-003,Brasil,TRIBUNAIS REGIONAIS ELEITORAIS - TREs,"BRASIL. Tribunal Regional Eleitoral de Alagoas. Recurso Eleitoral 060029898/AL, Relator Des. Ney Costa Alcantara De Oliveira, Acórdão de 19/09/2024, Publicado no(a) Publicado em Sessão 478, data 19/09/2024.",TRE-AL,PRECEDENTE JUDICIAL,Precedente judicial,Deepfakes; Prova Digital; Direito de Resposta; Instagram; Autenticidade.,"O TRE-AL, ao julgar Recurso Eleitoral oriundo de Piaçabuçu/AL nas Eleições 2024, anulou sentença que havia extinguido sem resolução do mérito pedido de direito de resposta relacionado a vídeo publicado no Instagram, no qual se alegava divulgação de fato sabidamente inverídico e ofensivo contra candidato adversário. Não houve a comprovação de um deepfake concreto, mas foi citado o impacto jurídico da existência dessa tecnologia sobre a valoração da prova digital eleitoral. O juízo de origem havia entendido necessária a apresentação de ata notarial ou outro meio reforçado de certificação, afirmando que conteúdos online podem ser facilmente manipulados por recursos tecnológicos, entre eles as deepfakes. O TRE/AL, contudo, reformou essa compreensão e assentou que, estando a postagem ainda ativa, bastavam os elementos já apresentados pelo autor (URL identificável, prints da página e mídia integral do vídeo), nos termos da Resolução TSE nº 23.608/2019, sendo facultativa a ata notarial quando o conteúdo permanece acessível. O acórdão também reafirma que a liberdade de expressão na internet deve ser preservada, mas pode ser limitada quando houver ofensa à honra ou divulgação de fatos sabidamente inverídicos, hipótese em que o direito de resposta se mostra instrumento processual adequado. O precedente revela que a simples possibilidade técnica de manipulação audiovisual por IA já influencia a cultura probatória eleitoral brasileira, exigindo dos tribunais equilíbrio entre autenticidade das evidências digitais, celeridade processual e tutela da integridade informacional nas redes sociais.",Disponível em: https://consultaunificadapje.tse.jus.br/consulta-publica-unificada/documento?extensaoArquivo=text/html&path=regional/al/2024/9/19/20/29/34/94cfa3a7a643923a43c69fc61b31ffe7af1d0d6d449dba94740c944fe8bb4059,https://consultaunificadapje.tse.jus.br/consulta-publica-unificada/documento?extensaoArquivo=text/html&path=regional/al/2024/9/19/20/29/34/94cfa3a7a643923a43c69fc61b31ffe7af1d0d6d449dba94740c944fe8bb4059
BR-004,Brasil,TRIBUNAIS REGIONAIS ELEITORAIS - TREs,"BRASIL. Tribunal Regional Eleitoral do Amazonas. Habeas Corpus Criminal 060015390/AM, Relatora Des. GISELLE FALCONE MEDINA, Acórdão de 24/11/2025, Publicado no(a) DJE 220, data 28/11/2025.",TRE-AM,PRECEDENTE JUDICIAL,Precedente judicial,Deepfakes; Difamação Eleitoral; Inteligência Artificial; Justiça Eleitoral; WhatsApp.,"O TRE-AM, ao julgar habeas corpus criminal relativo às Eleições 2024 em Manaus, negou pedido de trancamento de inquérito policial que investigava possível prática de difamação eleitoral mediante uso de deepfake. O caso envolvia circulação massiva nas redes Facebook e WhatsApp de áudio artificialmente manipulado, atribuído ao então prefeito David Almeida, no qual lhe eram imputadas falas depreciativas sobre professores e recursos do FUNDEB. A perícia da Polícia Federal concluiu haver utilização de IA para criação do material, enquanto demais diligências indicaram vínculos entre o suposto criador do áudio e empresas associadas ao paciente, além de indícios de atuação em benefício do pré-candidato adversário. O precedente constata que conteúdos sintéticos enganosos podem configurar ilícitos penais eleitorais quando empregados para atacar reputações, influenciar a opinião pública ou beneficiar candidaturas, legitimando a investigação especializada da Polícia Federal e a atuação da Justiça Eleitoral. O acórdão ainda evidencia preocupação crescente com o uso de IA generativa em redes sociais e aplicativos de mensagens como um instrumento de desinformação política antecipada.",Disponível em: https://consultaunificadapje.tse.jus.br/consulta-publica-unificada/documento?extensaoArquivo=text/html&path=regional/am/2025/11/25/12/17/36/32c6eb21278342c19e87b565bd8c26caebcc4f389aeb6de22644acbd8f3036ed,https://consultaunificadapje.tse.jus.br/consulta-publica-unificada/documento?extensaoArquivo=text/html&path=regional/am/2025/11/25/12/17/36/32c6eb21278342c19e87b565bd8c26caebcc4f389aeb6de22644acbd8f3036ed
BR-005,Brasil,TRIBUNAIS REGIONAIS ELEITORAIS - TREs,"BRASIL. Tribunal Regional Eleitoral do Amazonas. Recurso No(a) Rp 060003085/AM, Relator Des. FABRICIO FROTA MARQUES, Acórdão de 31/07/2025, Publicado no(a) DJE 145, data 06/08/2025.",TRE-AM,PRECEDENTE JUDICIAL,Precedente judicial,Deepfakes; Cheap Fake; Instagram; Propaganda Antecipada; Integridade Informacional.,"O TRE-AM, ao julgar Recurso Eleitoral oriundo de Envira/AM nas Eleições 2024, manteve condenação por propaganda eleitoral antecipada negativa em razão da divulgação, nos stories da rede social Instagram, de vídeo manipulado que distorcia imagem e voz do então prefeito e pré-candidato adversário, acompanhado da expressão “mentiroso”. O precedente desenvolve distinção conceitual inédita entre deepfake e cheap fake: enquanto a primeira categoria envolveria conteúdo sintético hiper-realista produzido por IA, a segunda categoria consistiria em manipulações simples e acessíveis, como distorções caricatas, cortes maliciosos ou montagens rudimentares sem o uso sofisticado de IA. Apesar de reconhecer que o caso concreto se aproximava mais de cheap fake, o Tribunal entendeu aplicável a vedação do art. 9º-C da Resolução TSE nº 23.610/2019, afirmando que a tutela normativa busca preservar a higidez informativa e impedir que eleitores sejam enganados, ainda que a falsidade seja perceptível para parte do público. A Corte também concluiu que a mensagem extrapolou crítica política legítima e configurou propaganda antecipada negativa, pois a ridicularização audiovisual e a imputação pejorativa atingiam honra e imagem do oponente em contexto pré-eleitoral. O precedente amplia a noção de manipulação ilícita para abranger não apenas deepfakes sofisticados, mas também falsificações simplificadas capazes de degradar a integridade do debate político digital.",Disponível em: https://consultaunificadapje.tse.jus.br/consulta-publica-unificada/documento?extensaoArquivo=text/html&path=regional/am/2025/8/4/10/10/49/0a89be56dc7149085edb5cb3c1d99ff18d327871b4f13607f56f04f0b575a24c,https://consultaunificadapje.tse.jus.br/consulta-publica-unificada/documento?extensaoArquivo=text/html&path=regional/am/2025/8/4/10/10/49/0a89be56dc7149085edb5cb3c1d99ff18d327871b4f13607f56f04f0b575a24c
BR-006,Brasil,TRIBUNAIS REGIONAIS ELEITORAIS - TREs,"BRASIL. Tribunal Regional Eleitoral da Bahia. Recurso Eleitoral 060022708/BA, Relator Des. Pedro Rogerio Castro Godinho, Acórdão de 03/12/2024, Publicado no(a) Diário da Justiça Eletrônico 285, data 09/12/2024.",TRE-BA,PRECEDENTE JUDICIAL,Precedente judicial,Deepfakes; Inteligência Artificial; Proporcionalidade; Propaganda Eleitoral; Integridade Eleitoral.,"O TRE-BA, ao julgar Recursos Eleitorais em Ação de Investigação Judicial Eleitoral relativa às Eleições 2024 em Belo Campo/BA, reconheceu a ocorrência de propaganda irregular mediante o uso de deepfake, consistente na manipulação de reportagem do Jornal Nacional com a apresentadora Renata Vasconcelos, cujo áudio original foi substituído por narração favorável à campanha de candidato a Prefeito e cuja imagem passou a exibir o número de urna do mesmo. A Corte considerou incontroversa a utilização de IA para criar conteúdo sintético apto a favorecer candidatura, incidindo a vedação do art. 9º-C da Resolução TSE nº 23.610/2019. Contudo, afastou as sanções mais graves (cassação de registro e inelegibilidade) por entender inexistente prova robusta da gravidade concreta exigida para abuso de poder político ou uso indevido dos meios de comunicação social em sede de AIJE. O TRE-BA destacou que se tratava de publicação única, de tom fantasioso e jocoso, qualificada nos autos como “meme”, removida voluntariamente em menos de três dias, sem demonstração segura de alcance eleitoral relevante, mudança de voto de eleitores indecisos ou comprometimento sistemático da igualdade entre candidatos, ainda que divulgada em perfil com grande número de seguidores e em grupo de WhatsApp numeroso. Aplicando os princípios da proporcionalidade e da proibição do excesso sancionatório, manteve-se apenas a incidência da multa do art. 57-D da Lei das Eleições. O precedente afirma que deepfakes configuram ilícito eleitoral autônomo e censurável, mas que sanções máximas dependem de prova consistente sobre o seu impacto real no equilíbrio do pleito e na integridade eleitoral digital.",Disponível em: https://consultaunificadapje.tse.jus.br/consulta-publica-unificada/documento?extensaoArquivo=text/html&path=regional/ba/2024/12/5/14/58/20/97c93beb123ebc9b23345af571e6b666de72e8f193c30c642fd0342fd319140c,https://consultaunificadapje.tse.jus.br/consulta-publica-unificada/documento?extensaoArquivo=text/html&path=regional/ba/2024/12/5/14/58/20/97c93beb123ebc9b23345af571e6b666de72e8f193c30c642fd0342fd319140c
BR-007,Brasil,TRIBUNAIS REGIONAIS ELEITORAIS - TREs,"BRASIL. Tribunal Regional Eleitoral da Bahia. Mandado De Segurança Cível 060077834/BA, Relatora Des. Maízia Seal Carvalho, Acórdão de 24/09/2024, Publicado no(a) Publicado em Sessão 1425, data 24/09/2024.",TRE-BA,PRECEDENTE JUDICIAL,Precedente judicial,Deepfakes; Instagram; Liberdade de Expressão; Prova Técnica; Censura Prévia.,"O TRE-BA, ao julgar Mandado de Segurança relativo às Eleições 2024 em Itaberaba/BA, concedeu a ordem para invalidar decisão liminar de primeiro grau que havia determinado a retirada imediata de vídeo publicado no Instagram sob a alegação de uso de deepfake. A controvérsia envolvia propaganda em que o Presidente da República, Luiz Inácio Lula da Silva, aparecia supostamente pedindo votos ao candidato João Almeida Mascarenhas Filho, sustentando a parte adversa que a fala presidencial teria sido artificialmente alterada por IA. Contudo, o TRE/BA entendeu que a decisão censória originária era teratológica, pois se baseou apenas em impressão subjetiva e em referência genérica de que o conteúdo “aparentemente” utilizaria IA, sem qualquer suporte técnico mínimo, perícia, indícios consistentes ou fundamentação concreta acerca da efetiva manipulação audiovisual. A Corte afirmou que medidas liminares de remoção de propaganda digital, especialmente em contexto eleitoral e em redes sociais, exigem lastro probatório idôneo, dada a gravidade da restrição imediata à liberdade de expressão e ao direito de propaganda. O precedente estabelece que a mera suspeita ou aparência de uso de IA não basta para justificar censura prévia de conteúdo online, sendo necessária demonstração mínima de autenticidade comprometida antes da supressão judicial.",Disponível em: https://consultaunificadapje.tse.jus.br/consulta-publica-unificada/documento?extensaoArquivo=text/html&path=regional/ba/2024/9/26/12/59/31/e8710af1bdfd6960783aa2d5b0743ae97efb3f4d90de32e51ef971c5a2a9f530,https://consultaunificadapje.tse.jus.br/consulta-publica-unificada/documento?extensaoArquivo=text/html&path=regional/ba/2024/9/26/12/59/31/e8710af1bdfd6960783aa2d5b0743ae97efb3f4d90de32e51ef971c5a2a9f530
BR-008,Brasil,TRIBUNAIS REGIONAIS ELEITORAIS - TREs,"BRASIL. Tribunal Regional Eleitoral do Ceará. Recurso Eleitoral 060067523/CE, Relator(a) Des. Daniel Carvalho Carneiro, Acórdão de 22/11/2024, Publicado no(a) Diário de Justiça Eletrônico 426, data 12/12/2024.",TRE-CE,PRECEDENTE JUDICIAL,Precedente judicial,Deepfakes; Instagram; Anonimato Digital; Identificação de Usuário; Desinformação Eleitoral.,"O TRE-CE, ao julgar Recurso Eleitoral referente às Eleições 2024 em Pacatuba/CE, anulou sentença de primeiro grau em representação por propaganda eleitoral negativa com uso de deepfake divulgada em perfil anônimo do Instagram denominado “@pacatubadazoeira”. Segundo os autos, o perfil publicou vídeos manipulados com sobreposição de imagem e voz do candidato Rafael Marques Bastos, inclusive sugerindo falsamente sua desistência da candidatura, com potencial de induzir eleitores a erro e afetar a disputa municipal. Embora o juízo de origem tenha determinado apenas a retirada de um dos vídeos, deixou de promover diligências para identificar o responsável pelas postagens e não apreciou integralmente os pedidos de remoção do conteúdo remanescente e eventual responsabilização do autor. O TRE/CE entendeu que, diante de indícios plausíveis de ilícito eleitoral envolvendo deepfakes e anonimato digital, era indispensável requisitar dados da plataforma para a identificação do usuário, nos termos da legislação eleitoral e das resoluções do TSE sobre propaganda na internet. A Corte afirmou que a ausência dessas providências comprometeu a instrução processual, o contraditório e a ampla defesa. O precedente reconhece que casos de deepfakes eleitorais em redes sociais exigem não apenas remoção de conteúdo, mas também investigação da autoria, rastreabilidade digital e responsabilização de perfis anônimos utilizados para desinformação política.",Disponível em: https://consultaunificadapje.tse.jus.br/consulta-publica-unificada/documento?extensaoArquivo=text/html&path=regional/ce/2024/11/24/12/0/46/6b1a84b264ff72026879fe84faa25b5d9167ba223fdca54d5be3d3253644636e,https://consultaunificadapje.tse.jus.br/consulta-publica-unificada/documento?extensaoArquivo=text/html&path=regional/ce/2024/11/24/12/0/46/6b1a84b264ff72026879fe84faa25b5d9167ba223fdca54d5be3d3253644636e
BR-009,Brasil,TRIBUNAIS REGIONAIS ELEITORAIS - TREs,"BRASIL. Tribunal Regional Eleitoral de Goiás. Recurso Eleitoral 060067918/GO, Relator Des. Adenir Teixeira Peres Júnior, Relator designado Des. Laudo Natel Mateus, Acórdão de 23/09/2025, Publicado no(a) DJE 177, data 26/09/2025.",TRE-GO,PRECEDENTE JUDICIAL,Precedente judicial,Deepfakes; WhatsApp; Liberdade de Expressão; Viralização; Propaganda Eleitoral.,"O TRE-GO, ao julgar Recurso Eleitoral referente às Eleições 2024 em Planaltina/GO, examinou representação proposta contra pessoas que compartilharam, em grupo restrito de WhatsApp, vídeo manipulado por IA que reutilizava imagens de propaganda oficial de candidato à reeleição e substituía suas falas originais por declarações fictícias de conteúdo crítico e depreciativo. O voto do Relator reconheceu que o material configurava deepfake vedado pela Resolução TSE nº 23.610/2019 e entendeu cabível a aplicação da multa do art. 57-D, §2º, da Lei nº 9.504/1997, diante da autoria identificada e da adulteração deliberada do conteúdo audiovisual. Contudo, prevaleceu voto-vista divergente no sentido de que mensagens enviadas em grupos privados e consensuais de WhatsApp submetem-se a um regime jurídico distinto, marcado pela natureza restrita da comunicação e pela prevalência da liberdade de expressão, salvo demonstração concreta de ampla circulação ou viralização externa. A Corte concluiu que, embora comprovada a manipulação digital do vídeo, não houve prova de que o conteúdo extrapolou o ambiente fechado do grupo para alcançar difusão pública relevante ou impacto efetivo no pleito, razão pela qual afastou a incidência da sanção eleitoral e julgou improcedente a representação. O precedente estabelece que, em ambientes privados de mensageria instantânea, a mera existência de deepfake não basta automaticamente para punição eleitoral, exigindo-se demonstração adicional de repercussão pública apta a comprometer a normalidade das eleições.",Disponível em: https://consultaunificadapje.tse.jus.br/consulta-publica-unificada/documento?extensaoArquivo=text/html&path=regional/go/2025/9/24/18/7/6/96265ab42b9aea1f92500d63d5d740c744f7aa8f05a1c7effda476c43de00787,https://consultaunificadapje.tse.jus.br/consulta-publica-unificada/documento?extensaoArquivo=text/html&path=regional/go/2025/9/24/18/7/6/96265ab42b9aea1f92500d63d5d740c744f7aa8f05a1c7effda476c43de00787
BR-010,Brasil,TRIBUNAIS REGIONAIS ELEITORAIS - TREs,"BRASIL. Tribunal Regional Eleitoral de Goiás. Recurso Eleitoral 060017366/GO, Relator Des. Rodrigo De Melo Brustolin, Acórdão de 30/10/2024, Publicado no(a) DJE 337, data 01/11/2024.",TRE-GO,PRECEDENTE JUDICIAL,Precedente judicial,Deepfakes; Conteúdo Sintético Multimídia; Anonimato Digital; Identificação de Usuário; Integridade Eleitoral.,"O TRE-GO, ao julgar Recurso Eleitoral nas Eleições Municipais de 2024, anulou sentença que havia rejeitado pedido de direito de resposta e remoção de conteúdo divulgado pelo perfil anônimo “@direita.crista_goiania”, determinando o retorno dos autos à origem para aprofundamento da instrução e identificação do responsável pelas postagens. Segundo o caso, o perfil teria publicado vídeo manipulado digitalmente atribuindo falsamente ao então governador Ronaldo Caiado declaração ofensiva e descontextualizada contra candidato apoiado por ele, com potencial de induzir o eleitorado a erro. A Corte, no mérito, reconheceu fortes indícios de uso irregular de conteúdo sintético multimídia e deepfake, destacando que a criação de áudio ou vídeo com falas não proferidas, sem aviso claro de manipulação, pode violar os arts. 9º-B e 9º-C da Resolução TSE nº 23.610/2019 e comprometer a integridade do pleito. O precedente consolida o entendimento de que, em casos de deepfakes eleitorais, a Justiça Eleitoral deve priorizar a rastreabilidade digital, produção probatória adequada e responsabilização dos autores, além de distinguir montagens grosseiras de manipulações realistas capazes de confundir o eleitor médio.",Disponível em: https://consultaunificadapje.tse.jus.br/consulta-publica-unificada/documento?extensaoArquivo=text/html&path=regional/go/2024/10/31/13/39/37/e043c7fb2e33ee80b93aa9940b11a61a2375fcdca7764f482c0424367a5f1782,https://consultaunificadapje.tse.jus.br/consulta-publica-unificada/documento?extensaoArquivo=text/html&path=regional/go/2024/10/31/13/39/37/e043c7fb2e33ee80b93aa9940b11a61a2375fcdca7764f482c0424367a5f1782
BR-011,Brasil,TRIBUNAIS REGIONAIS ELEITORAIS - TREs,"BRASIL. Tribunal Regional Eleitoral de Goiás. Recurso Eleitoral 060015545/GO, Relator Des. Rodrigo De Melo Brustolin, Acórdão de 22/10/2024, Publicado no(a) Publicado em Sessão 874, data 22/10/2024.",TRE-GO,PRECEDENTE JUDICIAL,Precedente judicial,Deepfakes; Liberdade de Expressão; Propaganda Eleitoral; Montagem Audiovisual; Crítica Política.,"O TRE-GO, ao julgar Recurso Eleitoral referente às Eleições 2024 em Goiânia, manteve sentença que rejeitou representação proposta pela Coligação “Pra Cuidar de Goiânia” e pela candidata Adriana Accorsi contra propaganda adversária veiculada em rádio e televisão. Os recorrentes alegavam que inserções da coligação rival teriam utilizado montagem, trucagem, efeitos visuais e recursos de IA para descontextualizar falas extraídas de debate eleitoral. O TRE-GO entendeu que os recortes exibidos preservaram o sentido original das declarações, que não houve criação de falas inexistentes nem adulteração da realidade, e os efeitos audiovisuais empregados eram facilmente perceptíveis pelo eleitor médio como recursos comuns de marketing. A Corte afirmou que as deepfakes pressupõem manipulação digital realista apta a induzir o público em erro, o que não ocorreu na hipótese, distinguindo edição publicitária ostensiva de falsificação sintética enganosa. Também ressaltou que críticas políticas contundentes integram o debate democrático, sobretudo quando dirigidas a candidatos e agentes públicos sujeitos a maior escrutínio social. O precedente, invocando precedentes do STF e do TSE, reforçou a posição preferencial da liberdade de expressão no processo eleitoral e advertiu que a intervenção judicial em propaganda deve ser excepcional, reservada a casos graves de desinformação ou efetiva quebra da paridade de armas.",Disponível em: https://consultaunificadapje.tse.jus.br/consulta-publica-unificada/documento?extensaoArquivo=text/html&path=regional/go/2024/10/22/18/28/45/f710306f9d95c897af9c1f8493c63ddd4718ee763dbd4ed90bcafe82f3401386,https://consultaunificadapje.tse.jus.br/consulta-publica-unificada/documento?extensaoArquivo=text/html&path=regional/go/2024/10/22/18/28/45/f710306f9d95c897af9c1f8493c63ddd4718ee763dbd4ed90bcafe82f3401386
BR-012,Brasil,TRIBUNAIS REGIONAIS ELEITORAIS - TREs,"BRASIL. Tribunal Regional Eleitoral de Goiás. Recurso Eleitoral 060007571/GO, Relator Des. Rodrigo De Melo Brustolin, Acórdão de 03/10/2024, Publicado no(a) Publicado em Sessão 803, data 03/10/2024.",TRE-GO,PRECEDENTE JUDICIAL,Precedente judicial,Deepfakes; Liberdade de Expressão; Pseudônimo Digital; Propaganda Eleitoral; Satira Política.,"O TRE-GO, ao julgar Recurso Eleitoral envolvendo publicações feitas nos perfis “Magal Mil Grau” no Facebook e Instagram, reformou sentença que havia aplicado multas por propaganda eleitoral irregular, anonimato e falseamento de identidade, além de determinar a exclusão das páginas. O caso dizia respeito a postagens críticas e jocosas dirigidas ao ex-prefeito e então pré-candidato Evandro Magal. A Corte entendeu que o conteúdo se inseria no âmbito da crítica política legítima protegida pela liberdade de expressão, ressaltando que agentes públicos e candidatos estão sujeitos a escrutínio mais intenso da sociedade e a maior tolerância a manifestações contundentes, satíricas ou desagradáveis. Em relação à alegação de deepfake, o TRE/GO considerou que as publicações continham apenas montagens rudimentares e efeitos visuais facilmente perceptíveis pelo eleitor médio, sem criação de falas falsas, simulação realista de imagem ou voz, nem emprego de inteligência artificial apta a induzir o público em erro, afastando a incidência dos arts. 9º-B e 9º-C da Resolução TSE nº 23.610/2019, pois tal norma visa proibir conteúdos sintéticos enganosos usados em propaganda eleitoral, e não memes ou edições satíricas grosseiras. O precedente diferencia o pseudônimo de anonimato ilícito, bem como o humor político digital e deepfakes eleitorais proibidos.",Disponível em: https://consultaunificadapje.tse.jus.br/consulta-publica-unificada/documento?extensaoArquivo=text/html&path=regional/go/2024/10/4/14/15/25/144d0495ec5fad042550e4d927eb6f880ccb0a27b7d7aba73a01c38d492fce1a,https://consultaunificadapje.tse.jus.br/consulta-publica-unificada/documento?extensaoArquivo=text/html&path=regional/go/2024/10/4/14/15/25/144d0495ec5fad042550e4d927eb6f880ccb0a27b7d7aba73a01c38d492fce1a
BR-013,Brasil,TRIBUNAIS REGIONAIS ELEITORAIS - TREs,"BRASIL. Tribunal Regional Eleitoral do Maranhão. Recurso Eleitoral Em Acao De Investigacao Judicial Eleitoral 060051173/MA, Relatora Des. Maria Francisca Gualberto De Galiza, Acórdão de 23/10/2025, Publicado no(a) Diário de Justiça Eletrônico 210, data 26/11/2025.",TRE-MA,PRECEDENTE JUDICIAL,Precedente judicial,Deepfakes; Propaganda Eleitoral; Inteligência Artificial; Multa Eleitoral; Abuso de Poder.,"O TRE-MA, ao julgar Recurso Eleitoral referente às Eleições 2024 em Itapecuru-Mirim, reformou parcialmente sentença que havia julgado improcedente Ação de Investigação Judicial Eleitoral proposta pela Coligação “Amigos de Itapecuru” contra candidato adversário ao cargo de prefeito. A controvérsia envolvia vídeo divulgado no Instagram do investigado, quatro dias antes do primeiro turno, simulando plantão jornalístico da Rede Globo com uso de imagem e voz artificialmente reproduzidas do apresentador William Bonner, para anunciar suposta notícia capaz de alterar os rumos da disputa. O TRE/MA entendeu que a peça configurava deepfake, pois reproduzia de forma crível o cenário, a voz e a aparência de pessoa pública mediante manipulação digital, apta a gerar credibilidade perante o eleitorado. Contudo, a Corte concluiu que não houve prova de repercussão concreta suficiente para desequilibrar o pleito ou comprometer a integridade do processo eleitoral, logo afastou a configuração de abuso de poder político e uso indevido dos meios de comunicação social para fins de cassação. Apesar disso, o precedente constatou que a mera divulgação de deepfake em propaganda eleitoral viola o art. 9º-C da Resolução TSE nº 23.610/2019 e admite a aplicação de multa, desde que assegurado o contraditório e a ampla defesa. Com base nisso, condenou exclusivamente o candidato responsável pelo perfil ao pagamento de multa de R$ 5.000,00.",Disponível em: https://consultaunificadapje.tse.jus.br/consulta-publica-unificada/documento?extensaoArquivo=text/html&path=regional/ma/2025/11/21/11/51/18/6f70362ce5399190331e289a90a9fe076e47d0f3641d569f9c1507636577ffc4,https://consultaunificadapje.tse.jus.br/consulta-publica-unificada/documento?extensaoArquivo=text/html&path=regional/ma/2025/11/21/11/51/18/6f70362ce5399190331e289a90a9fe076e47d0f3641d569f9c1507636577ffc4
BR-014,Brasil,TRIBUNAIS REGIONAIS ELEITORAIS - TREs,"BRASIL. Tribunal Regional Eleitoral do Maranhão. Recurso Eleitoral 060004449/MA, Relator Des. Paulo Sérgio Velten Pereira, Acórdão de 19/12/2024, Publicado no(a) Diário de Justiça Eletrônico 3, data 22/01/2025.",TRE-MA,PRECEDENTE JUDICIAL,Precedente judicial,Deepfakes; Liberdade de Expressão; Propaganda Antecipada; Sátira Política; WhatsApp.,"O TRE-MA, ao julgar Recurso Eleitoral referente às Eleições 2024 no município de Icatu/MA, manteve sentença que rejeitou representação por propaganda eleitoral antecipada negativa proposta pelo Partido Republicanos contra particular acusado de divulgar, em grupos de WhatsApp, vídeo satírico simulando plantão do Jornal Nacional com a imagem do jornalista William Bonner. Na peça audiovisual, o apresentador supostamente anunciava, em tom humorístico, que vereadores locais estariam “desaparecidos” há mais de três anos e reapareceriam às vésperas da eleição para pedir votos, enquanto fotos de parlamentares e do prefeito eram exibidas. Reconheceu-se que a Resolução TSE nº 23.732/2024 proíbe o uso de deepfakes na propaganda eleitoral e visa resguardar a integridade do pleito contra manipulações enganosas. Contudo, no caso concreto, a Corte concluiu que a montagem possuía caráter rudimentar e propositalmente jocoso, facilmente identificável pelo público médio como sátira política, sem sofisticação apta a induzir o eleitorado em erro. Também assentou que o conteúdo não continha pedido explícito de não voto, tampouco imputações falsas evidentes, limitando-se a críticas políticas subjetivas. O acórdão reforçou que a liberdade de expressão possui posição preferencial no debate político-eleitoral, inclusive para manifestações ácidas, humorísticas ou contundentes. O precedente distingue deepfakes vedados pela legislação eleitoral de montagens rudimentares e satíricas que, ausentes elementos de desinformação ou pedido eleitoral explícito, seguem protegidas pela liberdade de expressão.",Disponível em: https://consultaunificadapje.tse.jus.br/consulta-publica-unificada/documento?extensaoArquivo=text/html&path=regional/ma/2024/12/23/18/18/44/1773bcd97d6fa77e0aa7c7b7a9bc4c71787971cbfe749840bb7284d01f0136d8,https://consultaunificadapje.tse.jus.br/consulta-publica-unificada/documento?extensaoArquivo=text/html&path=regional/ma/2024/12/23/18/18/44/1773bcd97d6fa77e0aa7c7b7a9bc4c71787971cbfe749840bb7284d01f0136d8
BR-015,Brasil,TRIBUNAIS REGIONAIS ELEITORAIS - TREs,"BRASIL. Tribunal Regional Eleitoral do Maranhão. Recurso Eleitoral 060003822/MA, Relator Des. Tarcisio Almeida Araujo, Acórdão de 02/12/2024, Publicado no(a) Diário de Justiça Eletrônico 327, data 07/12/2024.",TRE-MA,PRECEDENTE JUDICIAL,Precedente judicial,Deepfakes; Propaganda Antecipada Negativa; Desinformação Eleitoral; Honra e Imagem; Liberdade de Expressão Limitada.,"O TRE-MA, ao julgar recurso referente às Eleições 2024 no município de Santa Luzia/MA, manteve sentença que condenou o responsável por propaganda eleitoral antecipada negativa mediante divulgação, em rede social, de vídeo manipulado por técnicas de deepfake contra o pré-candidato a prefeito Juscelino Marreca. O material audiovisual utilizava imagens de apoiadores do pré-candidato combinadas com vozes artificialmente produzidas para simular confissões de participação em suposta “quadrilha” voltada à corrupção, além de imputar práticas ilícitas e desqualificar moralmente o adversário. O TRE-MA entendeu que o conteúdo ultrapassou os limites da crítica política legítima e não se confundia com mera sátira ou debate áspero, pois atribuía falsamente condutas criminosas, maculando honra e imagem do pré-candidato. A Corte destacou que a liberdade de expressão, embora central ao regime democrático, não é absoluta e pode ser restringida para proteger a igualdade entre candidatos, os direitos da personalidade e a integridade do processo eleitoral. O TRE-MA conferiu especial relevância ao contexto local de município com eleitorado reduzido, no qual conteúdos digitais tendem a produzir impacto ampliado e desproporcional. O precedente reconhece que deepfakes ofensivos e desinformativos, mesmo antes do início formal da campanha, podem configurar propaganda antecipada negativa e justificar sanção pecuniária.",Disponível em: https://consultaunificadapje.tse.jus.br/consulta-publica-unificada/documento?extensaoArquivo=text/html&path=regional/ma/2024/12/3/17/47/10/2eb27ccb9f324e0735c53b3958e85b26f65703074677d3edf96c7b11bbd54d1e,https://consultaunificadapje.tse.jus.br/consulta-publica-unificada/documento?extensaoArquivo=text/html&path=regional/ma/2024/12/3/17/47/10/2eb27ccb9f324e0735c53b3958e85b26f65703074677d3edf96c7b11bbd54d1e
BR-016,Brasil,TRIBUNAIS REGIONAIS ELEITORAIS - TREs,"BRASIL. Tribunal Regional Eleitoral do Maranhão. Recurso Eleitoral Em Representação 060001569/MA, Relator Des. Jose Valterson De Lima, Acórdão de 26/08/2024, Publicado no(a) Publicado em Sessão 334, data 26/08/2024.",TRE-MA,PRECEDENTE JUDICIAL,Precedente judicial,Deepfakes; WhatsApp; Liberdade de Expressão; Propaganda Eleitoral Antecipada; Desinformação Eleitoral.,"O TRE-MA, ao julgar Recurso Eleitoral referente às Eleições 2024 no Município de Tutóia, manteve sentença que rejeitou representação por propaganda eleitoral negativa antecipada baseada no compartilhamento, em grupos de WhatsApp, de vídeo editado com uso de deepfake envolvendo a imagem da jornalista Renata Lo Prete e críticas ao então prefeito Raimundo Nonato Abraão Baquil. O Tribunal concluiu, por maioria, que o conteúdo divulgado não configurou ilícito eleitoral. O voto vencedor entendeu que o vídeo efetivamente utilizava manipulação digital apta a caracterizar deepfake, mas ressaltou que a técnica, por si só, não gera sanção automática. Em interpretação sistemática do art. 9º-C da Lei das Eleições, o Relator afirmou que a vedação deve recair sobre conteúdos fabricados ou manipulados destinados a difundir fatos notoriamente inverídicos ou gravemente descontextualizados, com potencial de afetar o equilíbrio do pleito ou a integridade do processo eleitoral. No caso concreto, considerou-se que o vídeo, embora jocoso e sensacionalista, referia-se a fato verdadeiro: a existência de ação penal em curso contra o prefeito relacionada à prestação de contas de recursos públicos. A Corte observou ainda que a edição era grosseira, com voz artificializada, linguagem rudimentar e marca d’água visível do software de edição, fatores que afastariam o risco real de enganar o eleitor médio. Assim, prevaleceu o entendimento de que a postagem representava mera crítica política protegida pela liberdade de expressão. O precedente reconhece que deepfakes eleitorais podem ser submetidos ao controle judicial, mas não perante uma proibição automática. Houve votos vencidos (2) que defendiam a condenação parcial.",Disponível em: https://consultaunificadapje.tse.jus.br/consulta-publica-unificada/documento?extensaoArquivo=text/html&path=regional/ma/2024/8/27/10/43/28/d16b54db7d2ac54bc52a5465f7644cc531f2e2db14ad7324592455daca84e72d,https://consultaunificadapje.tse.jus.br/consulta-publica-unificada/documento?extensaoArquivo=text/html&path=regional/ma/2024/8/27/10/43/28/d16b54db7d2ac54bc52a5465f7644cc531f2e2db14ad7324592455daca84e72d
BR-017,Brasil,TRIBUNAIS REGIONAIS ELEITORAIS - TREs,"BRASIL. Tribunal Regional Eleitoral de Minas Gerais. Recurso Eleitoral 060055893/MG, Relator Des. Ricardo Ferreira Barouch, Acórdão de 12/11/2025, Publicado no(a) Diário de Justiça Eletrônico-TREMG 214, data 24/11/2025, pag. 82.",TRE-MG,PRECEDENTE JUDICIAL,Precedente judicial,Deepfakes; Fraude Informacional; Propaganda Eleitoral Irregular; Dilação Probatória; Direito Comparado.,"O TRE-MG julgou recurso eleitoral envolvendo propaganda negativa irregular na internet nas Eleições 2024 e manteve a condenação imposta em primeiro grau, inclusive multa pecuniária. A Corte destacou os arts. 9º, 9º-C e 9º-H da Resolução TSE nº 23.610/2019, afirmando que o regime jurídico eleitoral busca preservar a lisura, a veracidade informacional e o equilíbrio do pleito, vedando conteúdos fabricados, manipulados ou descontextualizados aptos a induzir o eleitorado em erro. No caso concreto, o TRE-MG entendeu que houve uso indevido da imagem e da voz do então prefeito para sugerir apoio político ao candidato adversário, embora o agente público integrasse coligação oposta e estivesse impedido de ingressar em uma nova candidatura consecutiva. Reconheceu-se que a peça publicitária transmitia falsa impressão de endosso eleitoral e promovia descontextualização comprovável de plano, sendo desnecessária dilação probatória. O precedente, mediante o voto do Relator, ressaltou a importância da liberdade de expressão e da intervenção mínima da Justiça Eleitoral, mas afirmou que tais garantias cedem diante de fraude informacional e propaganda sabidamente inverídica. Foram citados expressamente o regime de ponderação da liberdade de expressão estabelecido no art. 13 da Convenção Americana de Direitos Humanos e o exposto pelo STF na ADPF n° 572/DF (que, por sua vez, cita o entendimento da Suprema Corte dos Estados Unidos acerca da doutrina da ""malícia real"" - caso New York Times Co. Vs. Sullivan, 376 U.S. 254, 1964 -, bem como precedentes da Corte IDH - casos Kimel Vs. Argentina, 2008, e Tristán Donoso Vs. Panamá, 2009 - e da Corte EDH - casos Kasymakhunov and Saybatalov Vs. Russia, Refah Partisi and others Vs. Turkey e Norwood Vs. United Kingdom). Em voto divergente, o Des. Antônio Leite de Pádua sustentou que as mensagens de conteúdo sabidamente inverídico ou moralmente ofensivo não podem ser objeto de aplicação imediata da multa pecuniária (art. 57-D da Lei n° 9.504/97), pois assim haveria uma interpretação extensiva indevida.",Disponível em: https://consultaunificadapje.tse.jus.br/consulta-publica-unificada/documento?extensaoArquivo=text/html&path=regional/mg/2025/11/18/17/41/52/a669beb56c880ee0617c65ff18b1f58796c15e7d1ab94a657bd2b949f16e2eef,https://consultaunificadapje.tse.jus.br/consulta-publica-unificada/documento?extensaoArquivo=text/html&path=regional/mg/2025/11/18/17/41/52/a669beb56c880ee0617c65ff18b1f58796c15e7d1ab94a657bd2b949f16e2eef
BR-018,Brasil,TRIBUNAIS REGIONAIS ELEITORAIS - TREs,"BRASIL. Tribunal Regional Eleitoral de Minas Gerais. Recurso Eleitoral 060125811/MG, Relatora Des. Flavia Birchal De Moura, Acórdão de 23/06/2025, Publicado no(a) DJE 112, data 26/06/2025.",TRE-MG,PRECEDENTE JUDICIAL,Precedente judicial,Deepfakes; Propaganda Eleitoral Irregular; Estados Emocionais Artificiais; Desinformação Eleitoral; Liberdade de Expressão.,"O TRE-MG, ao julgar recurso referente às Eleições 2024 no município de Miradouro, manteve o reconhecimento de propaganda eleitoral irregular veiculada em perfil do Instagram administrado por terceiro não candidato. O caso envolvia múltiplas postagens contra adversário político contendo acusações de corrupção, nepotismo, fechamento de hospital, desemprego e má gestão, além de vídeos antigos descontextualizados, montagens satíricas e uso de IA. Um dos conteúdos reproduzia falsamente a imagem e a voz do jornalista William Bonner, simulando noticiário para conferir credibilidade às acusações, o que o Tribunal qualificou expressamente como deepfake. A Corte afirmou que a liberdade de expressão protege críticas políticas, inclusive severas, mas não abrange imputações sem prova, desinformação, manipulação digital enganosa ou meios destinados a criar artificialmente estados emocionais negativos no eleitorado. Embora mantida a condenação, o TRE-MG reduziu a multa de R$ 25 mil reais para R$ 15 mil reais, com base nos princípios da proporcionalidade e razoabilidade, sem afastar a gravidade especial atribuída ao uso de deepfake. O precedente consolida o entendimento de que deepfakes eleitorais constituem infração autônoma grave, sobretudo ao simular jornalistas ou veículos de imprensa para influenciar o eleitorado.",Disponível em: https://consultaunificadapje.tse.jus.br/consulta-publica-unificada/documento?extensaoArquivo=text/html&path=regional/mg/2025/6/25/16/44/10/caeba2d090adce1681dea5dfd110f2615beb62b11460d96288d8c0d2054de1a1,https://consultaunificadapje.tse.jus.br/consulta-publica-unificada/documento?extensaoArquivo=text/html&path=regional/mg/2025/6/25/16/44/10/caeba2d090adce1681dea5dfd110f2615beb62b11460d96288d8c0d2054de1a1
BR-019,Brasil,TRIBUNAIS REGIONAIS ELEITORAIS - TREs,"BRASIL. Tribunal Regional Eleitoral de Minas Gerais. Recurso Eleitoral 060055230/MG, Relatora Des. Flavia Birchal De Moura, Acórdão de 02/12/2024, Publicado no(a) DJE 230, data 03/12/2024.",TRE-MG,PRECEDENTE JUDICIAL,Precedente judicial,Deepfakes; Ampla Defesa; Cerceamento de Defesa; Prova Técnica; Princípio da Comunhão das Provas.,"O TRE-MG, ao julgar recurso eleitoral oriundo de Ipatinga nas Eleições 2024, anulou sentença proferida em Ação de Investigação Judicial Eleitoral (AIJE) que havia declarado a inelegibilidade da candidata recorrente por oito anos, determinado eventual cassação de diploma, aplicado multa de R$ 50.000,00 reais e remetido os autos ao Ministério Público Eleitoral por suposto abuso de poder midiático e uso indevido dos meios de comunicação mediante deepfake e publicações ofensivas. A Corte entendeu que a controvérsia dependia de adequada comprovação técnica (perícia) acerca da autenticidade e da natureza do material audiovisual atribuído à investigada, especialmente para verificar se realmente se tratava de deepfake ou manipulação digital apta a comprometer a normalidade do pleito. Reconheceu-se cerceamento de defesa diante da ausência de produção pericial requerida e necessária ao deslinde da causa, salientando-se que as acusações baseadas em tecnologia sintética exigem lastro probatório qualificado, não bastando inferências subjetivas, com base no princípio da comunhão das provas. Desse modo, anulada a sentença de primeiro grau, foi determinado o retorno dos autos à origem para reabertura da instrução e realização das provas pertinentes. O precedente expõe que as alegações de uso de deepfake em processos eleitorais demandam verificação técnica consistente antes da imposição de sanções severas, como inelegibilidade e cassação.",Disponível em: https://consultaunificadapje.tse.jus.br/consulta-publica-unificada/documento?extensaoArquivo=text/html&path=regional/mg/2024/12/2/17/50/38/9c461eb44c70b8bf59cd1668c3e995c18cd0fe5fa419aa13fd477d69f398cb9b,https://consultaunificadapje.tse.jus.br/consulta-publica-unificada/documento?extensaoArquivo=text/html&path=regional/mg/2024/12/2/17/50/38/9c461eb44c70b8bf59cd1668c3e995c18cd0fe5fa419aa13fd477d69f398cb9b
BR-020,Brasil,TRIBUNAIS REGIONAIS ELEITORAIS - TREs,"BRASIL. Tribunal Regional Eleitoral de Minas Gerais. Recurso Eleitoral 060061190/MG, Relatora Des. Flavia Birchal De Moura, Acórdão de 17/09/2024, Publicado no(a) Publicado em Sessão 611, data 17/09/2024.",TRE-MG,PRECEDENTE JUDICIAL,Precedente judicial,"Deepfakes; Fake News; WhatsApp; Propaganda Negativa; Tutela Cautelar. Obs: processo em segredo de justiça, íntegra não disponível, somente Ementa.","O TRE-MG, ao julgar recurso eleitoral em tutela cautelar antecedente nas Eleições 2024, reformou sentença que havia indeferido pedido de identificação do autor de vídeos ofensivos disseminados em grupo de WhatsApp contra candidato. A controvérsia envolvia publicações anônimas com acusações graves e uso de técnicas de manipulação digital, incluindo deepfake, aptas a distorcer a realidade e atingir a imagem do postulante perante o eleitorado. O TRE-MG entendeu que a parte recorrente apresentou elementos suficientes para demonstrar a probabilidade do direito e o risco ao resultado útil do processo, especialmente em contexto de campanha curta, no qual conteúdos virais podem influenciar rapidamente a formação da vontade popular. A Corte destacou que o uso de montagens, fake news e deepfakes com finalidade difamatória enquadram-se como propaganda eleitoral negativa irregular (art. 9º-C da Resolução TSE nº 23.610/2019), comprometendo a normalidade e o equilíbrio do pleito. Ressaltou ainda que a liberdade de expressão não é absoluta quando colide com a honra de candidatos e a integridade do processo eleitoral. Diante disso, determinou a expedição de ofício à operadora telefônica para identificação do titular da linha utilizada nas divulgações. O precedente reconhece que o anonimato instrumentalizado por aplicativos de mensagens não impede medidas judiciais urgentes de rastreamento quando houver indícios consistentes de deepfakes eleitorais.",Disponível em: https://jurisprudencia-tres.tse.jus.br/#/jurisprudencia/pesquisa?codigoDecisao=3346006&params=s,https://jurisprudencia-tres.tse.jus.br/#/jurisprudencia/pesquisa?codigoDecisao=3346006&params=s
BR-021,Brasil,TRIBUNAIS REGIONAIS ELEITORAIS - TREs,"BRASIL. Tribunal Regional Eleitoral do Mato Grosso do Sul. Recurso Eleitoral 060006413/MS, Relator Des. FERNANDO NARDON NIELSEN, Acórdão de 26/01/2026, Publicado no(a) Diário da Justiça Eleitoral 17, data 29/01/2026.",TRE-MS,PRECEDENTE JUDICIAL,Precedente judicial,Deepfakes; Liberdade de Expressão; Sátira Política; Memes Eleitorais; Propaganda Eleitoral.,"O TRE-MS, ao julgar recurso referente às Eleições 2024 no município de Jardim, manteve sentença que rejeitou representação por suposta propaganda eleitoral irregular praticada em perfil do Instagram denominado “Folha de Jardim”. O recorrente sustentava que a página anônima utilizara deepfakes e conteúdos ofensivos contra candidata à reeleição ao cargo de prefeita, mediante montagens visuais com cartazes de filmes e frases depreciativas. O TRE-MS entendeu que a vedação do art. 9º-C da Resolução TSE nº 23.610/2019 dirige-se a manipulações digitais aptas a enganar o eleitor médio, criando aparência de veracidade e potencial de desinformação. No caso concreto, as peças impugnadas foram consideradas montagens grosseiras, satíricas e evidentemente humorísticas, incapazes de induzir o público em erro quanto à autenticidade das cenas. A Corte concluiu que o material se inseria no campo da crítica política jocosa, ainda que ácida e deselegante, sem pedido explícito de não voto, sem imputação comprovada de fatos sabidamente falsos e sem ofensa jurídica suficiente à honra da candidata. O precedente reafirma a jurisprudência do TSE sobre intervenção mínima da Justiça Eleitoral nas redes sociais, o Tribunal privilegiou a liberdade de expressão e delimitou que nem toda montagem digital com uso de IA configura deepfake vedado.",Disponível em: https://consultaunificadapje.tse.jus.br/consulta-publica-unificada/documento?extensaoArquivo=text/html&path=regional/ms/2026/1/27/14/12/24/3fff0db6f5688a376673f189e029ed845c9ae1bacb17bed53845ee4f3a58d0ab,https://consultaunificadapje.tse.jus.br/consulta-publica-unificada/documento?extensaoArquivo=text/html&path=regional/ms/2026/1/27/14/12/24/3fff0db6f5688a376673f189e029ed845c9ae1bacb17bed53845ee4f3a58d0ab
BR-022,Brasil,TRIBUNAIS REGIONAIS ELEITORAIS - TREs,"BRASIL. Tribunal Regional Eleitoral do Mato Grosso do Sul. Recurso Eleitoral 060003672/MS, Relator Des. Luiz Tadeu Barbosa Silva, Acórdão de 18/08/2025, Publicado no(a) Diário da Justiça Eleitoral 178, data 22/08/2025.",TRE-MS,PRECEDENTE JUDICIAL,Precedente judicial,Deepfakes; WhatsApp; Desinformação Eleitoral; Provas Digitais; Propaganda Eleitoral Irregular.,"O TRE-MS, ao julgar recurso eleitoral relativo a eleição suplementar no Município de Bandeirantes/MS, manteve sentença que condenou eleitor ao pagamento de multa de R$ 5.000,00 reais pela divulgação, em grupo de WhatsApp com 282 participantes, de vídeo manipulado por IA contra candidato adversário. O material atribuía falsamente ao candidato suposto acordo político com ex-prefeito mal avaliado, envolvendo promessa de cargos estratégicos na administração municipal. O TRE-MS entendeu que o conteúdo se enquadrava como deepfake vedado pelo art. 9º-C, §1º, da Resolução TSE nº 23.610/2019 e como propaganda irregular sancionável pelo art. 57-D, §2º, da Lei nº 9.504/1997, por utilizar recurso sintético audiovisual para disseminar informação sabidamente inverídica com nítido objetivo de influenciar o eleitorado. A Corte rejeitou a alegação de insuficiência probatória, assentando que capturas de tela, vídeos e demais provas digitais constituem meios idôneos para comprovar autoria e materialidade, sobretudo quando corroborados por outros elementos dos autos. Também afastou a tese de ausência de dolo específico, consignando que basta a conduta voluntária de compartilhar conteúdo ilícito em contexto eleitoral, sendo desnecessária demonstração de intenção qualificada adicional. O precedente expõe a responsabilização direta de divulgadores de deepfakes eleitorais e que a liberdade de expressão não protege campanhas estruturadas por desinformação sintética.",Disponível em: https://consultaunificadapje.tse.jus.br/consulta-publica-unificada/documento?extensaoArquivo=text/html&path=regional/ms/2025/8/20/16/39/20/99f7fd87a1317439faf3fcde8080301680b6301e3a05445ca6a8479309d8f4b0,https://consultaunificadapje.tse.jus.br/consulta-publica-unificada/documento?extensaoArquivo=text/html&path=regional/ms/2025/8/20/16/39/20/99f7fd87a1317439faf3fcde8080301680b6301e3a05445ca6a8479309d8f4b0
BR-023,Brasil,TRIBUNAIS REGIONAIS ELEITORAIS - TREs,"BRASIL. Tribunal Regional Eleitoral do Mato Grosso do Sul. Recurso Eleitoral 060001181/MS, Relator Des. JOSÉ EDUARDO CHEMIN CURY, Acórdão de 30/09/2024, Publicado no(a) Publicado em Sessão 340, data 30/09/2024.",TRE-MS,PRECEDENTE JUDICIAL,Precedente judicial,Deepfakes; WhatsApp; Propaganda Antecipada Negativa; Descontextualização; Inteligência Artificial.,"O TRE-MS, ao julgar recurso eleitoral relativo às Eleições 2024 no município de Costa Rica, manteve sentença que condenou os recorrentes por propaganda eleitoral antecipada negativa decorrente da divulgação, em grupo de WhatsApp, de vídeo manipulado contra o então pré-candidato à reeleição Cleverson Alves dos Santos. O material mostrava imagem do prefeito acompanhada de áudio deslocado de seu contexto original, além de legenda atribuindo fala falsa ao mesmo. O TRE-MS entendeu que, embora áudio e vídeo possuíssem elementos autênticos, a recombinação artificial e a grave descontextualização transformaram o conteúdo em peça enganosa apta a macular a imagem do pré-candidato. A Corte afirmou que, independentemente de prova técnica sobre uso formal de IA, bastava a constatação de conteúdo fabricado ou manipulado com finalidade eleitoral negativa para incidir o art. 9º-C da Resolução TSE nº 23.610/2019. O Tribunal também rejeitou a invocação de liberdade de expressão, ressaltando que esse direito encontra limites na honra, imagem e no direito do eleitor à informação íntegra. O precedente admite que as deepfakes e as manipulações eleitorais não dependem necessariamente de tecnologia sofisticada ou realismo perfeito, bastando montagem digital enganosa ou descontextualização fabricada com potencial lesivo ao equilíbrio do pleito.",Disponível em: https://consultaunificadapje.tse.jus.br/consulta-publica-unificada/documento?extensaoArquivo=text/html&path=regional/ms/2024/10/1/13/20/43/e3ed5d1a1cf880ec85e520df14c901fddd2cacaca0dd57b9374f7f147e605927,https://consultaunificadapje.tse.jus.br/consulta-publica-unificada/documento?extensaoArquivo=text/html&path=regional/ms/2024/10/1/13/20/43/e3ed5d1a1cf880ec85e520df14c901fddd2cacaca0dd57b9374f7f147e605927
BR-024,Brasil,TRIBUNAIS REGIONAIS ELEITORAIS - TREs,"BRASIL. Tribunal Regional Eleitoral do Mato Grosso do Sul. Recurso Eleitoral 060001147/MS, Relatora Des. SANDRA REGINA DA SILVA RIBEIRO ARTIOLI, Acórdão de 19/08/2024, Publicado no(a) Publicado em Sessão 168, data 19/08/2024.",TRE-MS,PRECEDENTE JUDICIAL,Precedente judicial,Deepfakes; Liberdade de Expressão; Propaganda Antecipada; Text To Speech; Crítica Política.,"O TRE-MS, ao julgar recurso eleitoral referente às Eleições 2024 em Bela Vista/MS, manteve sentença que julgou improcedente representação proposta pelo diretório municipal do PSB contra Gerardo Gabriel Nunes Boccia por suposta propaganda eleitoral extemporânea e uso irregular de IA em publicações no Instagram, Facebook e TikTok. O partido autor alegava que vídeos narrados por voz sintética ironizavam buracos nas ruas do município e promoviam projeto de infraestrutura supostamente ligado ao representado, configurando favorecimento eleitoral antecipado e violação às regras sobre deepfakes. O TRE-MS entendeu que as postagens continham críticas políticas jocosas dirigidas à administração municipal e exaltação do trabalho do representado como vereador, sem pedido explícito de voto ou de não voto. A Corte destacou que críticas políticas, ainda que duras ou ácidas, ampliam o debate público, estimulam o controle social e estão protegidas pela liberdade de expressão, não cabendo transformar a Justiça Eleitoral em moderadora permanente de críticas políticas na internet. Quanto ao uso de IA, o Tribunal afirmou que a mera utilização de conversão de texto para voz (Text-to-Speech), com voz artificial padronizada e facilmente identificável pelo homem médio, não basta para caracterizar deepfake ou manipulação enganosa da realidade. Ressaltou que deepfakes pressupõem imagens sintéticas ou conteúdos produzidos com aparente autenticidade para simular fatos, vozes ou pessoas de modo enganoso, o que não ocorreu na hipótese. O precedente delimita que o simples uso de narração automatizada em vídeos críticos ou humorísticos não configura deepfake eleitoral, exigindo-se potencial real de fraude perceptiva ou desinformação.",Disponível em: https://consultaunificadapje.tse.jus.br/consulta-publica-unificada/documento?extensaoArquivo=text/html&path=regional/ms/2024/8/19/21/43/42/723d83fb1735300c5f03cdb164a7a7fc43451165e00a7b7dc873a8d76102918a,https://consultaunificadapje.tse.jus.br/consulta-publica-unificada/documento?extensaoArquivo=text/html&path=regional/ms/2024/8/19/21/43/42/723d83fb1735300c5f03cdb164a7a7fc43451165e00a7b7dc873a8d76102918a
BR-025,Brasil,TRIBUNAIS REGIONAIS ELEITORAIS - TREs,"BRASIL. Tribunal Regional Eleitoral do Mato Grosso. Recurso Em Representação 60036028/MT, Relator Des. Luis Otavio Pereira Marques, Acórdão de 27/02/2025, Publicado no(a) Diário da Justiça Eletrônico 4359, data 06/03/2025.",TRE-MT,PRECEDENTE JUDICIAL,Precedente judicial,Deepfakes; Inteligência Artificial; Propaganda Eleitoral; Transparência Digital; Multa Eleitoral.,"O TRE-MT, ao julgar recurso eleitoral referente às Eleições 2024 em Cuiabá/MT, reformou sentença que havia extinguido sem resolução do mérito representação por propaganda eleitoral irregular proposta pela Coligação “Coragem e Força pra Mudar”, sob fundamento de perda superveniente do objeto após o encerramento do período eleitoral. No caso, foi analisado vídeo de aproximadamente vinte segundos divulgado em grupo de WhatsApp e nos Stories do Instagram de Achille Sotirios Liambos Neto, contendo imagens do ex-jogador de futebol Ronaldo Fenômeno e locução artificialmente atribuída a Galvão Bueno, anunciando os candidatos representados como “o melhor time para essa cidade” e “time vencedor”. O TRE-MT concluiu que houve manipulação da voz de pessoa pública viva sem qualquer aviso ostensivo ao eleitor acerca do uso de conteúdo sintético, em violação ao art. 9º-B da Resolução TSE nº 23.610/2019. Também reconheceu a incidência do art. 9º-C, §1º, ao entender presentes os requisitos de conteúdo sintético, alteração de voz e finalidade eleitoral de favorecer candidatura. O Tribunal ressaltou que a irregularidade independe de ofensa à honra ou mensagem negativa, bastando o uso de deepfake para beneficiar candidatura sem transparência quanto à manipulação digital, com o agravante do potencial de ampla disseminação do material, em razão da circulação simultânea em WhatsApp e Instagram. O precedente afirma que o uso promocional do deepfake também é vedado, não apenas conteúdos ofensivos ou desinformativos, e por consolidar a exigência de transparência no uso eleitoral de IA.",Disponível em: https://consultaunificadapje.tse.jus.br/consulta-publica-unificada/documento?extensaoArquivo=text/html&path=regional/mt/2025/2/28/13/5/55/d696a5a587014d8f0fff5e5697f0d1a6dc0de8aef87ab3af77cf446bcc2814a7,https://consultaunificadapje.tse.jus.br/consulta-publica-unificada/documento?extensaoArquivo=text/html&path=regional/mt/2025/2/28/13/5/55/d696a5a587014d8f0fff5e5697f0d1a6dc0de8aef87ab3af77cf446bcc2814a7
BR-026,Brasil,TRIBUNAIS REGIONAIS ELEITORAIS - TREs,"BRASIL. Tribunal Regional Eleitoral do Mato Grosso. Recurso Eleitoral 60063198/MT, Relator Des. Luis Otavio Pereira Marques, Acórdão de 12/11/2024, Publicado no(a) Diário da Justiça Eletrônico 4283, data 14/11/2024.",TRE-MT,PRECEDENTE JUDICIAL,Precedente judicial,Deepfakes; Liberdade de Expressão; WhatsApp; Propaganda Eleitoral; Montagem Audiovisual.,"O TRE-MT, ao julgar recurso eleitoral relativo às Eleições 2024 em Barra do Bugres/MT, manteve sentença que rejeitou representação proposta pela Coligação “Renovação com Experiência” contra adversários acusados de divulgar, em grupos de WhatsApp, vídeo supostamente produzido com IA para prejudicar candidato rival. A coligação sustentava que o material consistiria em deepfake e desinformação eleitoral, vedados pela Resolução TSE nº 23.610/2019. O TRE-MT entendeu que o vídeo impugnado continha apenas recortes de propaganda eleitoral original, trecho de entrevista jornalística, inserção de imagem humorística, tarja com a palavra “FAKE” e narração crítica, sem qualquer demonstração técnica de substituição de rostos, alteração de voz, criação sintética de falas ou manipulação digital sofisticada apta a falsear a realidade. A Corte destacou que deepfakes pressupõem adulteração substancial e convincente de imagem ou áudio, e não mera edição simples ou montagem rudimentar. Também afastou a tese de fake news, afirmando que as críticas dirigidas à gestão pública e ao discurso de candidatos, ainda que ácidas, provocativas ou jocosas, integram o debate democrático e se inserem no âmbito preferencial da liberdade de expressão. O precedente ainda distingue o caso concreto de outros precedentes envolvendo manipulação realista de imagem de pessoa falecida, um paradigma clássico de deepfake.",Disponível em: https://consultaunificadapje.tse.jus.br/consulta-publica-unificada/documento?extensaoArquivo=text/html&path=regional/mt/2024/11/13/13/25/54/079835cd28582d36828589a0ac00a80ac795ec02bb7ebdaa692f47c2eb5aeb89,https://consultaunificadapje.tse.jus.br/consulta-publica-unificada/documento?extensaoArquivo=text/html&path=regional/mt/2024/11/13/13/25/54/079835cd28582d36828589a0ac00a80ac795ec02bb7ebdaa692f47c2eb5aeb89
BR-027,Brasil,TRIBUNAIS REGIONAIS ELEITORAIS - TREs,"BRASIL. Tribunal Regional Eleitoral do Pará. Recurso Eleitoral 060044321/PA, Relatora Des. Rosa De Fatima Navegantes De Oliveira, Acórdão de 10/12/2024, Publicado no(a) Diário da Justiça Eletrônico 361, data 17/12/2024.",TRE-PA,PRECEDENTE JUDICIAL,Precedente judicial,Deepfakes; Áudio Manipulado; WhatsApp; Prova Pericial; Liberdade de Expressão.,"O TRE-PA, ao julgar recurso eleitoral referente às Eleições 2024 em Viseu/PA, manteve sentença que rejeitou representação proposta pela Coligação “Coração Valente” contra adversários acusados de divulgar, em grupos privados de WhatsApp, áudio supostamente produzido por tecnologia deepfake atribuindo declarações ofensivas e ameaçadoras ao então prefeito e candidato Cristiano Vale. A coligação sustentava tratar-se de propaganda eleitoral irregular e disseminação de desinformação vedada pela Resolução TSE nº 23.610/2019. O TRE-PA entendeu que, embora o conteúdo pudesse suscitar suspeitas de manipulação, inexistia laudo técnico conclusivo apto a comprovar adulteração digital do áudio, sendo indispensável prova inequívoca para aplicação de sanções dessa natureza, salvo hipóteses de falsificações grosseiras perceptíveis de plano. A Corte destacou que a circulação do conteúdo ocorreu em grupos privados de WhatsApp, ambiente comunicacional restrito que, em regra, recebe proteção reforçada da liberdade de expressão e não se equipara automaticamente à propaganda eleitoral pública. O precedente enfatiza a centralidade da prova pericial em alegações de deepfakes eleitorais envolvendo áudios e por distinguir comunicação privada em aplicativos de mensagens da propaganda eleitoral irregular tradicional.",Disponível em: https://consultaunificadapje.tse.jus.br/consulta-publica-unificada/documento?extensaoArquivo=text/html&path=regional/pa/2024/12/14/14/32/48/43a679340804f97fe2eec31be8b50892b86f4eca288e7d5cc40b632694c9b230,https://consultaunificadapje.tse.jus.br/consulta-publica-unificada/documento?extensaoArquivo=text/html&path=regional/pa/2024/12/14/14/32/48/43a679340804f97fe2eec31be8b50892b86f4eca288e7d5cc40b632694c9b230
BR-028,Brasil,TRIBUNAIS REGIONAIS ELEITORAIS - TREs,"BRASIL. Tribunal Regional Eleitoral da Paraíba. Recurso Eleitoral 060030176/PB, Relator Des. SIVANILDO TORRES FERREIRA, Acórdão de 17/09/2025, Publicado no(a) Diário de Justiça Eletrônico 174, data 29/09/2025, pag. 58.",TRE-PB,PRECEDENTE JUDICIAL,Precedente judicial,Deepfakes; Inteligência Artificial; Propaganda Eleitoral; Desinformação Eleitoral; Responsabilidade da Candidata.,"O TRE-PB, ao julgar recurso eleitoral relativo às Eleições 2024 no município de Pocinhos, manteve sentença que condenou candidata ao cargo de vereadora pela divulgação, em redes sociais, de vídeo manipulado por IA sem qualquer identificação ostensiva. O conteúdo simulava edição do telejornal Jornal Nacional, utilizando imagem e voz artificialmente alteradas do apresentador William Bonner para elogiar a candidata e pedir que o eleitor memorizasse seu nome e número de urna. A Corte entendeu que a peça publicitária buscava induzir o eleitor em erro mediante falsa aparência de apoio jornalístico e de autoridade pública, enquadrando-se na vedação do art. 9º-C, §1º, da Resolução TSE nº 23.610/2019. O Tribunal rejeitou a alegação de desconhecimento da candidata quanto à manipulação, assentando sua responsabilidade pela propaganda difundida em benefício direto da campanha, inclusive porque a postagem continha seus dados eleitorais. Considerou proporcional a multa de R$ 6.500,00 reais. O precedente consolida entendimento de que deepfakes eleitorais positivos, usados para favorecer a candidatura, também violam a integridade do processo eleitoral e exigem transparência obrigatória sobre o uso de IA.",Disponível em: https://consultaunificadapje.tse.jus.br/consulta-publica-unificada/documento?extensaoArquivo=text/html&path=regional/pb/2025/9/25/15/20/16/ea5d2caa5a9172b3a923eca08330c066eec0c51ba3eb00d28dafba8ac499b579,https://consultaunificadapje.tse.jus.br/consulta-publica-unificada/documento?extensaoArquivo=text/html&path=regional/pb/2025/9/25/15/20/16/ea5d2caa5a9172b3a923eca08330c066eec0c51ba3eb00d28dafba8ac499b579
BR-029,Brasil,TRIBUNAIS REGIONAIS ELEITORAIS - TREs,"BRASIL. Tribunal Regional Eleitoral de Pernambuco. Recurso Eleitoral Em Aije 060053149/PE, Relator Des. Paulo Machado Cordeiro, Acórdão de 13/11/2025, Publicado no(a) Diário de Justiça Eletrônico do TRE-PE 250, data 26/11/2025, pag. 52-71.",TRE-PE,PRECEDENTE JUDICIAL,Precedente judicial,Deepfakes; Desinformação Eleitoral; Uso Indevido dos Meios de Comunicação; Abuso de Poder Econômico; Inteligência Artificial.,"O TRE-PE, ao julgar recursos eleitorais relativos às Eleições 2024 no município de Pesqueira, manteve sentença que reconheceu abuso de poder econômico e uso indevido dos meios de comunicação social praticados por quatro indivíduos, impondo-lhes inelegibilidade por oito anos. A Corte entendeu que houve atuação coordenada para manipular a opinião pública mediante estrutura sistemática de desinformação, envolvendo canal de YouTube denominado ""TV Pesqueira"", programas em rádio, lives, perfis de Instagram, grupos de WhatsApp e eventos presenciais. O Tribunal destacou que a repetição massiva de conteúdos falsos, em múltiplas plataformas, com clara finalidade eleitoral, comprometeu a normalidade e legitimidade do pleito. Em relação aos deepfakes, o voto menciona precedente local em que perfil administrado por um dos investigados divulgou vídeo com falas produzidas por IA, atribuindo declarações inexistentes ao então prefeito, com uso de palavras de baixo calão e submissão política simulada. O acórdão enquadrou tal fato nas vedações do art. 9º-C da Resolução TSE nº 23.610/2019, ressaltando que deepfakes e conteúdos sintéticos manipulados configuram uso indevido dos meios de comunicação e podem caracterizar abuso eleitoral. O precedente é relevante por consolidar a compreensão de que redes sociais, canais digitais, mensageria instantânea e deepfakes podem integrar arquitetura coordenada de desinformação apta a justificar severas sanções eleitorais.",Disponível em: https://consultaunificadapje.tse.jus.br/consulta-publica-unificada/documento?extensaoArquivo=text/html&path=regional/pe/2025/11/19/9/29/44/a00bef949dee3e4456c668be042ecbae43d7d12d6f778bf36bc70eb15fccfb1c,https://consultaunificadapje.tse.jus.br/consulta-publica-unificada/documento?extensaoArquivo=text/html&path=regional/pe/2025/11/19/9/29/44/a00bef949dee3e4456c668be042ecbae43d7d12d6f778bf36bc70eb15fccfb1c
BR-030,Brasil,TRIBUNAIS REGIONAIS ELEITORAIS - TREs,"BRASIL. Tribunal Regional Eleitoral de Pernambuco. Recurso Eleitoral Em Representação 060024971/PE, Relator Des. Andre Luiz Caula Reis, Acórdão de 21/07/2025, Publicado no(a) Diário de Justiça Eletrônico do TRE-PE 154, data 24/07/2025, pag. 108-112.",TRE-PE,PRECEDENTE JUDICIAL,Precedente judicial,Deepfakes; Inteligência Artificial; Propaganda Eleitoral Irregular; Desinformação; Liberdade de Expressão.,"O TRE-PE, ao julgar recurso eleitoral referente às Eleições 2024 em Camocim de São Félix, manteve sentença que condenou o recorrente ao pagamento de multa de R$ 5.000,00 reais por propaganda eleitoral irregular, nos termos do art. 57-D, §2º, da Lei nº 9.504/1997. A controvérsia envolvia vídeo divulgado em rede social no qual foram utilizadas técnicas de manipulação audiovisual para alterar substancialmente falas de candidatos adversários, mediante uso de IA para geração de voz sintética. A defesa alegava tratar-se de mera sátira política e crítica legítima, sem potencial ofensivo relevante ou influência concreta no pleito. O TRE-PE rejeitou essa tese, entendendo que o material extrapolou os limites da liberdade de expressão porque criou realidade fictícia, atribuindo declarações inexistentes aos representados e descontextualizando o conteúdo original. O Tribunal afirmou que a desinformação eleitoral não se restringe à mentira literal, abrangendo também conteúdos verdadeiros gravemente editados, manipulados ou apresentados fora de contexto com finalidade de induzir o eleitor em erro. Ressaltou ainda que o uso de deepfakes possui vedação objetiva no art. 9º-C, §1º, da Resolução TSE nº 23.610/2019, não sendo necessário que a falsificação possua aparência ultrarrealista ou tecnicamente sofisticada. O precedente destacou a centralidade da integridade informacional do debate democrático e concluiu que relativizar tais práticas enfraqueceria a proteção da lisura eleitoral.",Disponível em: https://consultaunificadapje.tse.jus.br/consulta-publica-unificada/documento?extensaoArquivo=text/html&path=regional/pe/2025/7/22/13/47/52/81ab77876364a7c207a28722209fb2ed2c726a3d8b6d3b9a14310d8f3d5ec084,https://consultaunificadapje.tse.jus.br/consulta-publica-unificada/documento?extensaoArquivo=text/html&path=regional/pe/2025/7/22/13/47/52/81ab77876364a7c207a28722209fb2ed2c726a3d8b6d3b9a14310d8f3d5ec084
BR-031,Brasil,TRIBUNAIS REGIONAIS ELEITORAIS - TREs,"BRASIL. Tribunal Regional Eleitoral de Pernambuco. Recurso Eleitoral Em Representação 060000230/PE, Relator Des. Rogerio De Meneses Fialho Moreira, Acórdão de 04/11/2024, Publicado no(a) Diário de Justiça Eletrônico do TRE-PE 305, data 06/11/2024, pag. 62-67.",TRE-PE,PRECEDENTE JUDICIAL,Precedente judicial,Deepfakes; Propaganda Antecipada Negativa; Liberdade de Expressão; Sátira Política; Desinformação Eleitoral.,"O TRE-PE, ao julgar recurso eleitoral referente às Eleições 2024 no município de Pesqueira, manteve sentença que condenara recorrente ao pagamento de multa de R$ 5.000,00 reais por propaganda eleitoral antecipada negativa veiculada em rede social mediante uso de deepfake de voz. O conteúdo atribuiu falas depreciativas e ridicularizantes ao então prefeito Sebastião Leite da Silva Neto, por meio de vídeo artificialmente manipulado. O TRE-PE destacou que os arts. 9º-C, §1º, e 10, §1º-A, da Resolução TSE nº 23.610/2019 vedam o uso, para favorecer ou prejudicar candidaturas, de conteúdo sintético gerado ou manipulado digitalmente destinado a criar, substituir ou alterar imagem ou voz de pessoa viva, falecida ou fictícia. Entendeu-se irrelevante o fato do vídeo conter aviso de sátira, pois a proibição normativa recai sobre o próprio emprego da tecnologia para ridicularizar terceiros e distorcer o debate público. O Tribunal também enfatizou que liberdade de expressão e humor político não autorizam ofensa à honra, desinformação ou utilização de expediente tecnológico incompatível com a lisura do pleito. O precedente consolida o entendimento de que as deepfakes eleitorais podem configurar ilícito autônomo, mesmo quando grosseiras, perceptíveis ou desacompanhadas de pedido explícito de voto, bastando o uso de ferramenta vedada com o potencial de influenciar negativamente a percepção do eleitorado.",Disponível em: https://consultaunificadapje.tse.jus.br/consulta-publica-unificada/documento?extensaoArquivo=text/html&path=regional/pe/2024/11/4/17/59/47/89c00fe3290eadf7b1a6b4ff2325367431c9803f862ad5755726232f34d00620,https://consultaunificadapje.tse.jus.br/consulta-publica-unificada/documento?extensaoArquivo=text/html&path=regional/pe/2024/11/4/17/59/47/89c00fe3290eadf7b1a6b4ff2325367431c9803f862ad5755726232f34d00620
BR-032,Brasil,TRIBUNAIS REGIONAIS ELEITORAIS - TREs,"BRASIL. Tribunal Regional Eleitoral de Pernambuco. Recurso Eleitoral Em Representação 060035323/PE, Relatora Des. Karina Albuquerque Aragao De Amorim, Acórdão de 29/10/2024, Publicado no(a) Diário de Justiça Eletrônico do TRE-PE 302, data 05/11/2024, pag. 33-40.",TRE-PE,PRECEDENTE JUDICIAL,Precedente judicial,Deepfakes; Propaganda Eleitoral Negativa; Perícia Técnica; Desinformação Eleitoral; Diferenciação de Condutas.,"O TRE-PE, ao julgar recurso eleitoral referente às Eleições 2024 no município de Ipojuca, examinou condenação imposta a dois recorrentes pela divulgação, em grupos de WhatsApp, de vídeo manipulado que atribuía declarações ofensivas falsas à candidata Adilma Barbosa Lacerda dos Santos. A Corte entendeu que, embora ausente perícia técnica, a adulteração era perceptível, pois havia sobreposição artificial de áudio, ausência de sincronização labial e inexistência de interação real entre as pessoas filmadas, bastando esses elementos para caracterizar deepfake de voz. O Tribunal reconheceu que mensagens em grupos privados normalmente exigem prova de viralização, mas considerou esse requisito atendido, no caso concreto, em razão da circulação em múltiplos grupos e da marcação “encaminhado com frequência”. A Corte diferenciou a gravidade das condutas dos recorrentes, reduzindo ou mantendo multas pecuniárias em razão de diferentes graus de participação, sobretudo porque um dos envolvidos não apenas compartilhou o vídeo, como também produziu novo material reforçando sua veracidade e imputando fatos criminosos à candidata e sua família. O precedente admite a constatação judicial de deepfakes eleitorais sem perícia formal quando a manipulação é ostensiva, e trata a desinformação sintética como forma agravada da propaganda eleitoral negativa ilícita.",Disponível em: https://consultaunificadapje.tse.jus.br/consulta-publica-unificada/documento?extensaoArquivo=text/html&path=regional/pe/2024/10/29/16/14/0/955fd2f852ab1625894c5a488a7bd1cb7f07d0ef0bfab32f8a4a32cf4357bc86,https://consultaunificadapje.tse.jus.br/consulta-publica-unificada/documento?extensaoArquivo=text/html&path=regional/pe/2024/10/29/16/14/0/955fd2f852ab1625894c5a488a7bd1cb7f07d0ef0bfab32f8a4a32cf4357bc86
BR-033,Brasil,TRIBUNAIS REGIONAIS ELEITORAIS - TREs,"BRASIL. Tribunal Regional Eleitoral de Pernambuco. Recurso Eleitoral Em Representação 060030564/PE, Relator Des. Rogerio De Meneses Fialho Moreira, Acórdão de 27/10/2024, Publicado no(a) Diário de Justiça Eletrônico do TRE-PE 292, data 29/10/2024, pag. 42-48.",TRE-PE,PRECEDENTE JUDICIAL,Precedente judicial,Deepfakes; WhatsApp; Propaganda Eleitoral Negativa; Perícia Técnica; Desinformação Eleitoral.,"O TRE-PE, ao julgar recurso eleitoral referente às Eleições 2024 em Ipojuca, analisou sentença que condenara diversos recorrentes por divulgação, em grupos restritos de WhatsApp, de vídeo manipulado contra candidata ao cargo de prefeita. O conteúdo simulava gravação clandestina em que a candidata supostamente ofendia eleitores, buscando gerar rejeição eleitoral. O TRE-PE afirmou que não é necessário identificar quem produziu a adulteração, bastando a comprovação de que os recorrentes disseminaram conscientemente o material ilícito. Também assentou que a prova pericial era dispensável, pois a manipulação era grosseira e perceptível ao observador comum: ausência de movimento labial compatível, inexistência de interação entre as pessoas filmadas e evidente sobreposição artificial de áudio às imagens. O Tribunal destacou que, embora mensagens em grupos privados recebam maior proteção à liberdade de expressão, essa lógica não se aplica quando se difunde desinformação sintética apta a comprometer a lisura do pleito e a paridade de armas entre candidaturas. Ressaltou ainda o potencial expansivo do WhatsApp, com facilidade de repostagens e novos compartilhamentos. Reconhecida a propaganda negativa ilícita mediante deepfake de voz, manteve-se a condenação, mas a multa individual foi reduzida de R$ 20.000,00 para R$ 10.000,00 reais por ausência de prova do alcance efetivo da divulgação. O precedente consolida que as deepfakes eleitorais podem ser comprovadas por percepção judicial direta quando a falsificação for ostensiva, além de possibilitar sanções a quem dissemina o conteúdo.",Disponível em: https://consultaunificadapje.tse.jus.br/consulta-publica-unificada/documento?extensaoArquivo=text/html&path=regional/pe/2024/10/27/21/27/51/a774d6053eb4acb8e4f5f3ab13896bb3ceb92cc7c48429986f87ccf0c9298f7e,https://consultaunificadapje.tse.jus.br/consulta-publica-unificada/documento?extensaoArquivo=text/html&path=regional/pe/2024/10/27/21/27/51/a774d6053eb4acb8e4f5f3ab13896bb3ceb92cc7c48429986f87ccf0c9298f7e
BR-034,Brasil,TRIBUNAIS REGIONAIS ELEITORAIS - TREs,"BRASIL. Tribunal Regional Eleitoral do Paraná. Recurso Eleitoral Na Representação 060112039/PR, Relatora Des. Claudia Cristina Cristofani, Acórdão de 14/05/2025, Publicado no(a) DJE 92, data 20/05/2025.",TRE-PR,PRECEDENTE JUDICIAL,Precedente judicial,Deepfakes; Liberdade de Expressão; Propaganda Eleitoral Negativa; Sátira Política; Manipulação Audiovisual.,"O TRE-PR, ao julgar recurso eleitoral referente às Eleições 2024 em Matinhos, reformou sentença que havia condenado uma usuária de rede social ao pagamento de multa de R$ 5.000,00 reais por suposta propaganda eleitoral negativa irregular mediante publicação, no Facebook, de vídeo com áudio adulterado envolvendo candidato adversário. A representação sustentava que a postagem consistiria em deepfake apta a ridicularizar o então candidato Eduardo Dalmora e a comprometer a higidez do pleito. Contudo, o TRE-PR entendeu que a intervenção judicial sobre conteúdos publicados na internet deve ser mínima e excepcional, preservando-se o debate democrático e a liberdade de expressão. A Corte destacou que críticas políticas duras, irônicas ou jocosas integram a dialética eleitoral, especialmente quando dirigidas a figuras públicas. sujeitas a maior escrutínio social. No exame do vídeo, concluiu que a alteração sonora era rudimentar, caricata e facilmente identificável por qualquer espectador médio como dublagem humorística, sem pretensão realista de simular a voz do candidato ou enganar o eleitorado. Também observou que a postagem ocorreu em perfil pessoal de pessoa comum, sem prova de grande alcance ou repercussão massiva. Ausentes fatos sabidamente inverídicos, descontextualização relevante ou manipulação sofisticada apta a falsear a realidade, a referida multa foi afastada. O precedente diferencia deepfake enganoso de conteúdo satírico perceptível e reforça a centralidade da liberdade de expressão nas disputas eleitorais digitais.",Disponível em: https://consultaunificadapje.tse.jus.br/consulta-publica-unificada/documento?extensaoArquivo=text/html&path=regional/pr/2025/5/16/19/11/34/0ead10715a30528aadeb9e2e822108fcc61536d221cb8ead5838bb66a67754fb,https://consultaunificadapje.tse.jus.br/consulta-publica-unificada/documento?extensaoArquivo=text/html&path=regional/pr/2025/5/16/19/11/34/0ead10715a30528aadeb9e2e822108fcc61536d221cb8ead5838bb66a67754fb
BR-035,Brasil,TRIBUNAIS REGIONAIS ELEITORAIS - TREs,"BRASIL. Tribunal Regional Eleitoral do Paraná. Representacao 060029219/PR, Relator Des. Eleitoral Jose Rodrigo Sade, Acórdão de 05/11/2024, Publicado no(a) Publicado em Sessão 1860, data 06/11/2024.",TRE-PR,PRECEDENTE JUDICIAL,Precedente judicial,Deepfakes; Liberdade de Expressão; Propaganda Eleitoral; Montagem Humorística; Reutilização de Falas.,"O TRE-PR, ao julgar recurso eleitoral referente às Eleições 2024 em São José dos Pinhais, manteve sentença que rejeitou representação proposta por coligação adversária contra eleitor acusado de divulgar vídeo em grupo fechado de WhatsApp com críticas humorísticas dirigidas aos candidatos Nina Singer e Delegado Michel. A parte recorrente sustentava que o material empregava deepfake, IA, montagens descontextualizadas e trucagens para ridicularizar os candidatos e comprometer a integridade do processo eleitoral. Contudo, o TRE-PR entendeu que mensagens divulgadas em aplicativo de mensagens não se equiparam automaticamente à propaganda eleitoral pública, especialmente quando ausente prova robusta de ampla circulação ou impacto relevante no pleito. A Corte destacou que a liberdade de expressão deve ser conferida com máxima amplitude às pessoas naturais não candidatas, somente admitindo restrições em ofensa à honra ou divulgação de fatos sabidamente inverídicos. No exame do conteúdo, concluiu que as inserções e montagens eram rudimentares, caricatas e claramente perceptíveis ao espectador médio como recurso humorístico, não possuindo realismo suficiente para simular acontecimentos verdadeiros ou enganar o eleitorado. Além disso, afirmou que a reutilização de trechos de falas do candidato Delegado Michel não gerou falsificação substancial nem conteúdo objetivamente falso. O precedente distingue deepfakes eleitorais proibidos de montagens humorísticas perceptíveis e delimita o peso jurídico do contexto fechado de grupos de WhatsApp.",Disponível em: https://consultaunificadapje.tse.jus.br/consulta-publica-unificada/documento?extensaoArquivo=text/html&path=regional/pr/2024/11/6/11/15/46/5c033d09ee43936a1107a6f6da39a1501fb9673b139c56475c36bf59331c98d9,https://consultaunificadapje.tse.jus.br/consulta-publica-unificada/documento?extensaoArquivo=text/html&path=regional/pr/2024/11/6/11/15/46/5c033d09ee43936a1107a6f6da39a1501fb9673b139c56475c36bf59331c98d9
BR-036,Brasil,TRIBUNAIS REGIONAIS ELEITORAIS - TREs,"BRASIL. Tribunal Regional Eleitoral do Paraná. Representacao 060024058/PR, Relator Des. Jose Rodrigo Sade, Acórdão de 11/09/2024, Publicado no(a) Publicado em Sessão 794, data 16/09/2024.",TRE-PR,PRECEDENTE JUDICIAL,Precedente judicial,Deepfakes; Propaganda Antecipada; Liberdade de Expressão; Sátira Política; Redes Sociais.,"O TRE-PR, ao julgar recurso eleitoral referente às Eleições 2024 em Arapongas, manteve sentença que rejeitou representação proposta pela Coligação “Pra Frente Arapongas” contra vídeo divulgado em redes sociais por apoiadores do político Jair Milani. O material consistia em jingle político que exaltava Jair Milani e criticava o adversário Rafael Cita, incluindo montagem visual que o retratava como ""fantoche"" ligado ao então prefeito Sérgio Onofre. Os recorrentes sustentavam ter havido propaganda eleitoral antecipada positiva e negativa, uso de ""palavras mágicas"" para pedido explícito de voto e utilização de deepfake. No entanto, a maioria do TRE-PR entendeu que expressões como “Jair Milani é a escolha certa pra vencer” e “O futuro de Arapongas depende de você” configuravam mera manifestação de apoio político permitida na pré-campanha, sem pedido explícito de voto. Também concluiu que as críticas ao adversário permaneciam dentro dos limites da liberdade de expressão, sem ofensa à honra ou divulgação de fatos sabidamente inverídicos. Quanto ao suposto deepfake, a Corte afirmou que a simples sobreposição do rosto do candidato em corpo de fantoche era montagem rudimentar e facilmente perceptível como sátira, incapaz de induzir o eleitor em erro. Houve voto vencido parcial defendendo que o conjunto da obra (jingle profissional, rede social aberta e frases de apelo ao eleitor) caracterizaria propaganda antecipada e negativa. O precedente delimita a diferença entre sátira política digital, propaganda antecipada e deepfakes eleitorais propriamente ditos.",Disponível em: https://consultaunificadapje.tse.jus.br/consulta-publica-unificada/documento?extensaoArquivo=text/html&path=regional/pr/2024/9/13/15/0/54/a71cd0675f5a67e4d8708ffc2dc49748ec3e8b5c9c2b70dd269b3d4e6bde7a41,https://consultaunificadapje.tse.jus.br/consulta-publica-unificada/documento?extensaoArquivo=text/html&path=regional/pr/2024/9/13/15/0/54/a71cd0675f5a67e4d8708ffc2dc49748ec3e8b5c9c2b70dd269b3d4e6bde7a41
BR-037,Brasil,TRIBUNAIS REGIONAIS ELEITORAIS - TREs,"BRASIL. Tribunal Regional Eleitoral do Rio de Janeiro. Recurso Eleitoral 060069370/RJ, Relator Des. Bruno Bodart, Acórdão de 14/10/2025, Publicado no(a) DJE 262, data 23/10/2025.",TRE-RJ,PRECEDENTE JUDICIAL,Precedente judicial,Deepfakes; Liberdade de Expressão; Chilling Effect; Sátira Política; Propaganda Eleitoral.,"O TRE-RJ, ao julgar recurso eleitoral referente às Eleições 2024 em Barra do Piraí, manteve sentença que rejeitou representação proposta pela Coligação “Orgulho de Ser Barrense” contra eleitor apoiador e candidato adversário, em razão da divulgação de vídeo humorístico manipulado por IA. A peça consistia na adaptação de meme viral da internet (“Que Show da Xuxa é esse?”), com substituição do rosto da criança pelo do candidato Cristiano Almeida e inserção de legenda satírica alusiva a episódio político local. A coligação recorrente sustentava tratar-se de deepfake proibido pela Resolução TSE nº 23.732/2024. O TRE-RJ rejeitou a tese e entendeu que a proibição normativa exige potencial lesivo ao equilíbrio do pleito ou à integridade do processo eleitoral, a qual inexistia no caso concreto. A Corte afirmou que o conteúdo possuía caráter evidentemente jocoso, sem aptidão para enganar o eleitor médio, simular fatos reais ou provocar desinformação relevante, sendo um mero instrumento de sátira política. O Tribunal reforçou a centralidade da liberdade de expressão no debate eleitoral (STF, ADI n° 4.451), bem como o princípio da mínima intervenção judicial nas manifestações online, previsto na Resolução TSE nº 23.610/2019. Segundo o acórdão, críticas duras, satíricas, exageradas ou até errôneas permanecem protegidas constitucionalmente, salvo quando demonstrada má-fé, ofensa grave à honra ou divulgação consciente de falsidade. Além disso, consignou que a intervenção judicial à divulgação de informações no debate político deve ocorrer apenas quando incontestável o conhecimento da falsidade ou a imprudência deliberada na sua apuração, sob pena de se gerar um indesejado “efeito dissuasório” (chilling effect). O precedente delimita que a repressão judicial de discursos que não sejam evidentemente inverídicos e de má-fé desestimula o engajamento no debate público, reduzindo a qualidade e a quantidade de informações à disposição dos eleitores.",Disponível em: https://consultaunificadapje.tse.jus.br/consulta-publica-unificada/documento?extensaoArquivo=text/html&path=regional/rj/2025/10/21/9/53/54/d8ed3c0546c184a11757758b966fc024e81a85a372a9077403657e5b85ee8ffd,https://consultaunificadapje.tse.jus.br/consulta-publica-unificada/documento?extensaoArquivo=text/html&path=regional/rj/2025/10/21/9/53/54/d8ed3c0546c184a11757758b966fc024e81a85a372a9077403657e5b85ee8ffd
BR-038,Brasil,TRIBUNAIS REGIONAIS ELEITORAIS - TREs,"BRASIL. Tribunal Regional Eleitoral do Rio Grande do Norte. Recurso Eleitoral 060008832/RN, Relator Des. Fabio Luiz de Oliveira Bezerra, Acórdão de 23/10/2024, Publicado no(a) Diário de justiça eletrônico 280, data 25/10/2024, pag. 4-12.",TRE-RN,PRECEDENTE JUDICIAL,Precedente judicial,Deepfakes; Propaganda Antecipada Negativa; Desinformação Eleitoral; Autoria; Responsabilidade Eleitoral.,"O TRE-RN, ao julgar recurso eleitoral referente às Eleições Municipais de 2024 em Parnamirim, manteve sentença que condenou eleitor ao pagamento de multa de R$ 5.000,00 reais por propaganda antecipada negativa praticada mediante compartilhamento de vídeo manipulado digitalmente em perfil aberto do Instagram. O conteúdo retratava falsamente o pré-candidato Salatiel Maciel de Souza em situação de prisão, por meio de montagem que fundia sua imagem com fotografia real do ex-governador Sérgio Cabral preso, acompanhada de narração com mensagens e imputações depreciativas. O recorrente alegou não ter produzido o material, apenas repostado, afirmando ainda ausência de má-fé e desconhecimento técnico quanto à falsidade do vídeo. O TRE-RN rejeitou a defesa e assentou que a responsabilidade eleitoral decorre também da divulgação do conteúdo manipulado, sendo irrelevante a distinção entre autor da montagem e quem a compartilha quando há repercussão apta a alcançar parcela relevante do eleitorado. A Corte entendeu que a postagem ultrapassou os limites da crítica política legítima, pois não consistia em mero meme ou sátira perceptível, mas em montagem bem elaborada, com aparência de verossimilhança e potencial concreto de induzir eleitores a acreditar em fato inexistente. O Tribunal destacou que deepfakes eleitoralmente ilícitos são aqueles capazes de falsear a realidade e interferir no processo democrático, diferenciando-os de manipulações grosseiras ou jocosas incapazes de enganar o público. Considerando a gravidade da conduta, a ampla visibilidade do perfil utilizado e a repercussão potencial do conteúdo, manteve-se a multa no mínimo legal. O precedente consigna que o simples compartilhamento de deepfake com potencial desinformativo já pode caracterizar propaganda antecipada negativa, independentemente da autoria técnica da manipulação.",Disponível em: https://consultaunificadapje.tse.jus.br/consulta-publica-unificada/documento?extensaoArquivo=text/html&path=regional/rn/2024/10/23/18/37/49/c4b64c6f5d2bd88e2eae9c9d5a0b23a03b05520a26ca0f24fc3443834235bf68,https://consultaunificadapje.tse.jus.br/consulta-publica-unificada/documento?extensaoArquivo=text/html&path=regional/rn/2024/10/23/18/37/49/c4b64c6f5d2bd88e2eae9c9d5a0b23a03b05520a26ca0f24fc3443834235bf68
BR-039,Brasil,TRIBUNAIS REGIONAIS ELEITORAIS - TREs,"BRASIL. Tribunal Regional Eleitoral do Rio Grande do Sul. Recurso Eleitoral 060031791/RS, Relatora Des. Maria De Lourdes Galvao Braccini De Gonzalez, Acórdão de 23/09/2025, Publicado no(a) Diário de Justiça Eletrônico 183, data 01/10/2025.",TRE-RS,PRECEDENTE JUDICIAL,Precedente judicial,Deepfakes; Abuso de Poder; Propaganda Eleitoral; Litigância de Má Fé; Atos Preparatórios.,"O TRE-RS, ao julgar recurso eleitoral referente às Eleições 2024 em Campo Bom/RS, manteve sentença que julgou improcedente Ação de Investigação Judicial Eleitoral (AIJE) por suposto abuso de poder político e uso indevido dos meios de comunicação social. A controvérsia girava em torno de diálogos gravados ambientalmente que revelavam tratativas para eventual produção de vídeos com uso de IA (deepfakes), com o objetivo de prejudicar candidato adversário mediante simulação de condutas ilícitas. O Tribunal reconheceu a licitude das gravações por terem sido realizadas em locais públicos sem controle de acesso, mas entendeu que os fatos permaneceram no plano da cogitação, sem qualquer prova de produção, difusão ou utilização do conteúdo manipulado. Destacou que a caracterização do abuso exige demonstração robusta de gravidade e repercussão, o que pressupõe atos concretos capazes de influenciar o equilíbrio do pleito, não se configurando por meras intenções ou atos preparatórios. Ademais, afastou a litigância de má-fé, enfatizando o caráter ainda inovador e desafiador das questões envolvendo deepfakes no direito eleitoral. O precedente delimita que a mera cogitação ou planejamento de uso de deepfakes, desacompanhada de execução ou divulgação, não configura ilícito eleitoral ou abuso de poder.",Disponível em: https://consultaunificadapje.tse.jus.br/consulta-publica-unificada/documento?extensaoArquivo=text/html&path=regional/rs/2025/9/30/15/28/28/4d0c0bbf590a8c3ce539dfce36166a652052b5b384ada3c47706fc84a89a2445,https://consultaunificadapje.tse.jus.br/consulta-publica-unificada/documento?extensaoArquivo=text/html&path=regional/rs/2025/9/30/15/28/28/4d0c0bbf590a8c3ce539dfce36166a652052b5b384ada3c47706fc84a89a2445
BR-040,Brasil,TRIBUNAIS REGIONAIS ELEITORAIS - TREs,"BRASIL. Tribunal Regional Eleitoral do Rio Grande do Sul. Recurso Eleitoral 060006411/RS, Relator Des. Volnei Dos Santos Coelho, Acórdão de 06/09/2024, Publicado no(a) Publicado em Sessão 393, data 09/09/2024.",TRE-RS,PRECEDENTE JUDICIAL,Precedente judicial,Deepfakes; Liberdade de Expressão; Propaganda Extemporânea; Elegância; Sátira Política.,"O TRE-RS, ao julgar recurso referente às Eleições 2024 no município de Gravataí, manteve sentença que rejeitou representação proposta por candidatos aos cargos de Prefeito e Vice-Prefeito contra adversário político, acusado de propaganda eleitoral extemporânea negativa e injúria eleitoral mediante uso de deepfake em postagem no Instagram. A publicação impugnada utilizava música da dupla Patati e Patatá, imagem dos representantes caracterizados como palhaços por montagem visual e a frase “O CAOS NA SAÚDE VIROU PALHAÇADA”. O TRE-RS entendeu que a peça não configurava deepfake, pois não havia uso de técnicas sofisticadas de IA aptas a criar mídia sintética enganosa, tratando-se apenas de montagem rudimentar, grosseira e facilmente perceptível pelo eleitor médio. A Corte distinguiu manipulação tecnológica realista (vedada pelo art. 9º-C da Resolução TSE nº 23.610/2019) de simples edição humorística ou satírica sem capacidade concreta de fraude perceptiva. No exame do conteúdo, o Tribunal concluiu que a postagem representava crítica política dura, deselegante e de gosto duvidoso à gestão municipal da saúde, mas ainda protegida pela liberdade de expressão e inserida na dialética do debate democrático. Ressaltou que manifestações incivilizadas, satíricas ou incisivas não autorizam censura automática, salvo quando houver imputação sabidamente falsa ou ofensa concreta à honra. O precedente estabelece distinção entre deepfakes eleitorais ilícitos, montagens grosseiras sem IA e crítica política negativa permitida no período pré-eleitoral.",Disponível em: https://consultaunificadapje.tse.jus.br/consulta-publica-unificada/documento?extensaoArquivo=text/html&path=regional/rs/2024/9/6/19/40/10/82cbf40c5b7cda47f111793fff0daacf84f63dafc3aef7891d64a39f85ecfb89,https://consultaunificadapje.tse.jus.br/consulta-publica-unificada/documento?extensaoArquivo=text/html&path=regional/rs/2024/9/6/19/40/10/82cbf40c5b7cda47f111793fff0daacf84f63dafc3aef7891d64a39f85ecfb89
BR-041,Brasil,TRIBUNAIS REGIONAIS ELEITORAIS - TREs,"BRASIL. Tribunal Regional Eleitoral de Santa Catarina. Recurso Contra Decisoes De Juizes Eleitorais 060068122/SC, Relator Des. Adilor Danieli, Acórdão de 10/12/2025, Publicado no(a) Diário de JE 231, data 17/12/2025.",TRE-SC,PRECEDENTE JUDICIAL,Precedente judicial,Deepfakes; Mensagens Privadas; Gravidade Qualitativa; Gravidade Quantitativa; Liberdade de Expressão.,"O TRE-SC, ao julgar recurso eleitoral referente às Eleições 2024 em São Francisco do Sul, manteve sentença que rejeitou Ação de Investigação Judicial Eleitoral proposta por candidato a prefeito contra adversário e terceiros, fundada em suposto uso indevido dos meios de comunicação social mediante divulgação de áudio e imagens em grupo de WhatsApp. O autor alegava que circulavam em grupo fechado denominado “São Chico Notícias” mensagens produzidas por IA que imitavam sua voz, acompanhadas de memes e conteúdo sarcástico destinado a ridicularizá-lo, requerendo cassação do registro ou diploma dos investigados. No mérito, porém, a Corte concluiu que os áudios e imagens impugnados consistiam em mensagens irônicas, sarcásticas e de mau gosto, sem imputação concreta de fatos falsos relevantes nem sofisticação técnica capaz de induzir o eleitor médio a erro quanto à realidade, na vedação do art. 9º-C da Resolução TSE nº 23.610/2019. Destacou ainda que o material foi veiculado em grupo fechado de WhatsApp, ambiente privado e restrito, sem prova de disparo em massa, viralização, transbordamento para outros grupos ou alcance expressivo do eleitorado. O Tribunal reforçou que mensagens privadas em grupos restritos de WhatsApp recebem tutela ampliada da liberdade de expressão e, em regra, não se submetem ao mesmo regime das redes sociais abertas, salvo quando demonstrado uso coordenado em massa com impacto eleitoral relevante. Citando precedentes do TSE, consignou que a configuração de uso indevido dos meios de comunicação social exige demonstração objetiva de gravidade qualitativa e quantitativa. O precedente delimita que nem toda utilização de IA ou imitação de voz em ambiente privado configura deepfake eleitoral sancionável, exigindo-se efetivo potencial lesivo ao pleito e ampla difusão do conteúdo.",Disponível em: https://consultaunificadapje.tse.jus.br/consulta-publica-unificada/documento?extensaoArquivo=text/html&path=regional/sc/2025/12/15/14/7/15/c093afab14c943d59460ba1ec334528b906835b7f12e785af20fdfa1e2021548,https://consultaunificadapje.tse.jus.br/consulta-publica-unificada/documento?extensaoArquivo=text/html&path=regional/sc/2025/12/15/14/7/15/c093afab14c943d59460ba1ec334528b906835b7f12e785af20fdfa1e2021548
BR-042,Brasil,TRIBUNAIS REGIONAIS ELEITORAIS - TREs,"BRASIL. Tribunal Regional Eleitoral de Sergipe. Recurso Eleitoral 060029034/SE, Relator Des. Cristiano Cesar Braga De Aragao Cabral, Acórdão de 16/12/2024, Publicado no(a) Diário de Justiça Eletrônico 1, data 07/01/2025.",TRE-SE,PRECEDENTE JUDICIAL,Precedente judicial,Deepfakes; Mensageria Privada; Repercussão Significativa; Propaganda Eleitoral Irregular; Liberdade de Expressão.,"O TRE-SE, ao julgar recurso eleitoral referente às Eleições 2024 no Município de Pinhão/SE, manteve sentença que rejeitou representação por propaganda eleitoral irregular proposta pelo Partido Social Democrático (PSD) e pelo candidato Erivaldo Oliveira do Nascimento. Os recorrentes alegavam que adversários divulgaram em grupos de WhatsApp vídeo produzido com uso de IA (deepfake), no qual o candidato aparecia falsamente elogiando e pedindo votos para concorrente político, o que configuraria manipulação da realidade e desinformação apta a influenciar o eleitorado. O TRE-SE reconheceu que havia indícios concretos de montagem mediante IA, com utilização da imagem do candidato para aparentar apoio inexistente ao adversário, destacando que o art. 9º-C da Resolução TSE nº 23.610/2019 veda o uso de conteúdo fabricado ou manipulado para difundir fatos inverídicos ou descontextualizados com potencial de afetar a normalidade das eleições, bem como proíbe deepfakes destinados a favorecer ou prejudicar candidaturas. Apesar disso, a Corte entendeu que a responsabilização eleitoral depende não apenas da falsidade ou manipulação do conteúdo, mas também da demonstração de alcance concreto e capacidade de desequilibrar o pleito. No caso, os autores não comprovaram quantos integrantes possuíam os grupos de WhatsApp mencionados, qual foi a extensão do compartilhamento, se houve viralização, retransmissão em massa ou repercussão significativa perante o eleitorado local. Na ausência desses elementos, prevalece a liberdade de expressão dos participantes. O precedente evidenciou que a mera existência de manipulação audiovisual (deepfake eleitoral) não basta, isoladamente, para ensejar sanção, exigindo-se prova robusta do potencial lesivo e da repercussão concreta sobre a disputa eleitoral.",Disponível em: https://consultaunificadapje.tse.jus.br/consulta-publica-unificada/documento?extensaoArquivo=text/html&path=regional/se/2024/12/18/14/2/56/65d91c078e58c2dcdb859ca1da07ac6fca340138b6d3bd6e6b6a134a702e82ae,https://consultaunificadapje.tse.jus.br/consulta-publica-unificada/documento?extensaoArquivo=text/html&path=regional/se/2024/12/18/14/2/56/65d91c078e58c2dcdb859ca1da07ac6fca340138b6d3bd6e6b6a134a702e82ae
BR-043,Brasil,TRIBUNAIS REGIONAIS ELEITORAIS - TREs,"BRASIL. Tribunal Regional Eleitoral de São Paulo. Recurso Eleitoral 060059584/SP, Relator Des. Cotrim Guimarães, Relatora designada Des. Maria Claudia Bedotti, Acórdão de 11/09/2025, Publicado no(a) DJE 189, data 22/09/2025.",TRE-SP,PRECEDENTE JUDICIAL,Precedente judicial,Deepfakes; Machine Learning; Fake News; Risco Sistêmico; Dever de Informar.,"O TRE-SP, ao julgar recurso eleitoral referente às Eleições municipais brasileiras de 2024 no município de Barueri, manteve sentença que condenou apoiador de candidato adversário por propaganda eleitoral irregular em razão da divulgação, em rede social, de vídeo manipulado com uso de IA para simular a voz do apresentador José Luiz Datena, em críticas ao então candidato Roberto Piteri. O voto do Relator concentrou-se na análise objetiva do caso concreto, enfatizando a repostagem consciente do conteúdo pelo recorrente, o potencial de confusão do eleitorado e a incidência direta do art. 9º-C da Resolução TSE nº 23.610/2019. Já o voto vencedor do acórdão ampliou a fundamentação teórica e normativa, conceituando e qualificando expressamente as deepfakes enquanto falsificações hiper-realistas produzidas por machine learning (Mulholland; Oliveira, 2021) e uma espécie de fake news voltada à desinformação eleitoral. Ressaltou-se que conteúdos manipulados pressupõem intenção persuasiva e risco sistêmico ao processo democrático. No caso concreto, verificou-se que a simulação da voz de pessoa pública sem aviso de edição possuía verossimilhança suficiente para induzir parcela do eleitorado em erro e comprometer o equilíbrio do pleito. Manteve-se a remoção do vídeo e multa de R$ 5.000,00 reais. O precedente demonstra abordagem conceitual mais robusta no tratamento das deepfakes eleitorais, sobretudo quanto ao dever de informar quando houver conteúdo gerado por IA.",Disponível em: https://consultaunificadapje.tse.jus.br/consulta-publica-unificada/documento?extensaoArquivo=text/html&path=regional/sp/2025/9/18/14/45/28/0f362b5059bb5b292c6878181c75c0dd17d54a83b1c170d622512e12c8db5f7c,https://consultaunificadapje.tse.jus.br/consulta-publica-unificada/documento?extensaoArquivo=text/html&path=regional/sp/2025/9/18/14/45/28/0f362b5059bb5b292c6878181c75c0dd17d54a83b1c170d622512e12c8db5f7c
BR-044,Brasil,TRIBUNAIS REGIONAIS ELEITORAIS - TREs,"BRASIL. Tribunal Regional Eleitoral de São Paulo. Recurso Eleitoral 060025006/SP, Relator Des. Rogério Cury, Acórdão de 13/12/2024, Publicado no(a) Publicado em Sessão 5136, data 13/12/2024.",TRE-SP,PRECEDENTE JUDICIAL,Precedente judicial,Deepfakes; Humor Político; Contraditório; Correlação Pedido-Sentença; Ampla Defesa.,"O TRE-SP, ao julgar recurso eleitoral referente às Eleições 2024 em Embu das Artes, reformou sentença que havia condenado o recorrente por propaganda eleitoral irregular em razão de vídeo satírico divulgado na página “Central de Memes de Embu”. A representação sustentava que o conteúdo utilizara IA e deepfake para simular apoio do candidato Abidan Henrique da Silva ao adversário Hugo Prado. O voto originário do Relator, Des. Rogério Cury, reconheceu que o vídeo não se enquadrava como deepfake propriamente dito, pois a montagem era perceptível e grosseira, sem realismo suficiente para enganar o eleitor médio. Contudo, entendeu que havia uso ilícito de manipulação digital da imagem e voz do candidato, com ridicularização indevida, ausência do aviso exigido pelo art. 9º-B da Resolução TSE nº 23.610/2019 e extrapolação dos limites da crítica humorística, motivo pelo qual votou pela manutenção parcial da condenação, apenas reduzindo a multa ao mínimo legal. Já o voto divergente da Desª. Maria Cláudia Bedotti, vencedor, assentou que a causa de pedir da ação estava fundada especificamente em uso de deepfake e IA enganosa. Logo, como o próprio TRE-SP reconheceu inexistir deepfake, seria inviável manter condenação com base em fundamento diverso não deduzido na inicial, sob pena de violação aos princípios do contraditório, da ampla defesa e da correlação entre pedido e sentença, impondo-se a improcedência integral da demanda. O recurso foi provido para julgar improcedente a representação. O precedente distingue montagens humorísticas perceptíveis de deepfakes realistas e afirma que acusações eleitorais fundadas em uso de IA dependem de correspondência entre os fatos narrados e a sanção pretendida.",Disponível em: https://consultaunificadapje.tse.jus.br/consulta-publica-unificada/documento?extensaoArquivo=text/html&path=regional/sp/2024/12/13/20/52/21/8077707e968644542e016218d068f63b5b24edf7bc0a1e7490193d7fcbf5d99b,https://consultaunificadapje.tse.jus.br/consulta-publica-unificada/documento?extensaoArquivo=text/html&path=regional/sp/2024/12/13/20/52/21/8077707e968644542e016218d068f63b5b24edf7bc0a1e7490193d7fcbf5d99b
BR-045,Brasil,TRIBUNAIS REGIONAIS ELEITORAIS - TREs,"BRASIL. Tribunal Regional Eleitoral de São Paulo. Recurso Eleitoral 060118632/SP, Relator Des. Encinas Manfré, Acórdão de 21/11/2024, Publicado no(a) Publicado em Sessão 4687, data 21/11/2024.",TRE-SP,PRECEDENTE JUDICIAL,Precedente judicial,Deepfakes; Liberdade de Expressão; Propaganda Negativa; Mínima Intervenção Judicial; Preservação da Identidade.,"O TRE-SP, ao julgar recurso eleitoral referente às Eleições 2024 em Ilhabela, manteve sentença que rejeitou representação ajuizada pela Coligação “Frente Democrática Ilhabela” por suposta propaganda eleitoral negativa e uso irregular de IA em vídeo publicado nas redes sociais Instagram e Facebook pelos recorridos. A coligação autora alegava que a peça audiovisual continha manipulação digital parcial, mediante deepfake, para atacar o então candidato a prefeito Antonio Luiz Colucci e desacreditar pesquisas eleitorais. O TRE-SP entendeu que tratavam-se de críticas político-partidárias relacionadas à confiabilidade de pesquisas e à gestão municipal, sem imputações manifestamente falsas, ofensas pessoais graves ou descontextualização capaz de comprometer a legitimidade do pleito. A Corte afirmou que manifestações mais agudas ou ácidas permanecem protegidas pela liberdade de expressão quando inseridas no debate político regular. Quanto à alegação de uso de IA, o Tribunal concluiu que não houve conteúdo gerado ou substancialmente alterado por tecnologia digital com potencial de confundir o eleitorado, mas simples montagem sem refinamento técnico, sendo que a modificação da voz de um entrevistador destinava-se, segundo os autos, à preservação de identidade por segurança. Destacou-se que mera alteração de voz, desacompanhada de realismo enganoso ou falsificação material relevante, não basta para caracterizar deepfake eleitoral vedado pela Resolução TSE nº 23.610/2019, invocando-se o princípio da mínima intervenção da Justiça Eleitoral no ambiente virtual. O precedente expõe que nem toda edição rudimentar, anonimização de voz ou crítica severa configura uso ilícito de IA ou propaganda negativa sancionável.",Disponível em: https://consultaunificadapje.tse.jus.br/consulta-publica-unificada/documento?extensaoArquivo=text/html&path=regional/sp/2024/11/21/16/15/29/c8f3018ce97ddeaa5a362ea23cdeb0ee18d2cd17663eb5fcd1d3d06079c2bd84,https://consultaunificadapje.tse.jus.br/consulta-publica-unificada/documento?extensaoArquivo=text/html&path=regional/sp/2024/11/21/16/15/29/c8f3018ce97ddeaa5a362ea23cdeb0ee18d2cd17663eb5fcd1d3d06079c2bd84
BR-046,Brasil,TRIBUNAIS REGIONAIS ELEITORAIS - TREs,"BRASIL. Tribunal Regional Eleitoral de São Paulo. Recurso Eleitoral 060007350/SP, Relatora Des. Maria Claudia Bedotti, Acórdão de 08/11/2024, Publicado no(a) Publicado em Sessão 4442, data 08/11/2024.",TRE-SP,PRECEDENTE JUDICIAL,Precedente judicial,Deepfakes; Machine Learning; Risco Sistêmico; Liberdade de Expressão; Mínima Intervenção Judicial;,"O TRE-SP, ao julgar recurso eleitoral referente às Eleições 2024 em Itupeva, manteve sentença que rejeitou representação ajuizada pelo Partido Renovação Democrática contra publicação em perfil do Instagram “@itupeva_da_depressao”, por supostos usos de propaganda eleitoral antecipada negativa e deepfake contra o então prefeito e pré-candidato à reeleição. O TRE-SP entendeu que a postagem consistia em mera crítica política protegida pela liberdade de expressão, sem pedido explícito de voto ou de não voto, nem mesmo por meio das chamadas “palavras mágicas”, razão pela qual não se configurou propaganda eleitoral extemporânea (art. 36-A da Lei nº 9.504/1997). A Corte ressaltou que a simples menção negativa a agente público ou pré-candidato não autoriza, por si só, a intervenção judicial, devendo prevalecer a mínima ingerência da Justiça Eleitoral no debate público, especialmente nas redes sociais. Quanto à alegação de deepfake, o TRE-SP não identificou falsificação hiper-realista ou manipulação sofisticada apta a confundir o eleitor médio, esclarecendo que as deepfakes pressupõem mídias sintéticas de alta verossimilhança, produzidas por técnicas de machine learning capazes de tornar difícil distinguir o real do artificial (Mulholland; Oliveira, 2021). Logo, afastou-se também a incidência da vedação contida na Resolução TSE nº 23.610/2019. O precedente reafirma que o conceito jurídico de deepfake exige grau relevante de sofisticação enganosa, não bastando mera retórica audiovisual ou conteúdo crítico comum.",Disponível em: https://consultaunificadapje.tse.jus.br/consulta-publica-unificada/documento?extensaoArquivo=text/html&path=regional/sp/2024/11/8/15/13/16/67eba9d84977a312a00b5d69e8158d6068b9aa903e550bf8d116ba3d86a561c6,https://consultaunificadapje.tse.jus.br/consulta-publica-unificada/documento?extensaoArquivo=text/html&path=regional/sp/2024/11/8/15/13/16/67eba9d84977a312a00b5d69e8158d6068b9aa903e550bf8d116ba3d86a561c6
BR-047,Brasil,TRIBUNAIS REGIONAIS ELEITORAIS - TREs,"BRASIL. Tribunal Regional Eleitoral de São Paulo. Recurso Eleitoral 060005354/SP, Relatora Des. Maria Claudia Bedotti, Acórdão de 23/07/2024, Publicado no(a) DJE 147, data 31/07/2024.",TRE-SP,PRECEDENTE JUDICIAL,Precedente judicial,Deepfakes; Propaganda Eleitoral Antecipada; Liberdade de Expressão; Montagem Audiovisual; Sática Política.,"O TRE-SP, ao julgar recurso eleitoral nas Eleições de 2024, analisou representação proposta pelo MDB de São Paulo contra a deputada Tábata Amaral, em razão de vídeo publicado na rede social Instagram no qual o rosto do prefeito Ricardo Nunes teria sido inserido sobre o personagem Ken, do filme “Barbie”, em contexto de crítica política e sátira. O recorrente sustentou que a publicação configuraria propaganda eleitoral antecipada negativa com uso de deepfake, violando a Resolução TSE nº 23.610/2019. No mérito, o TRE-SP concluiu pela inexistência de propaganda eleitoral antecipada, por ausência de pedido explícito de voto ou de não voto (art. 36-A da Lei das Eleições), bem como pela inexistência de elementos eleitorais suficientes para atrair a intervenção da Justiça Eleitoral. Quanto ao alegado uso de deepfake, o Tribunal reconheceu que o vídeo consistia apenas em uma montagem audiovisual explícita e satírica (recurso gráfico de colagem e edição), perceptível ao eleitor médio, sem qualquer característica de falsificação hiper-realista ou simulação capaz de induzir o público em erro. A Corte destacou a distinção entre uma edição audiovisual ostensiva, utilizada como recurso de crítica política e humor, e uma manipulação digital com potencial de comprometer a integridade informacional do pleito (Mulholland; Oliveira, 2021). O precedente enfatizou a posição preferencial da liberdade de expressão no debate democrático, destacando que críticas a agentes públicos, ainda que ácidas ou caricatas, devem ser protegidas, exceto em hipóteses de desinformação com potencial efetivo de desequilibrar o pleito.",Disponível em: https://consultaunificadapje.tse.jus.br/consulta-publica-unificada/documento?extensaoArquivo=text/html&path=regional/sp/2024/7/28/23/53/3/bdd81d481d43fb513c37a191c8306242e473682aa5388b9bbda918923587adb9,https://consultaunificadapje.tse.jus.br/consulta-publica-unificada/documento?extensaoArquivo=text/html&path=regional/sp/2024/7/28/23/53/3/bdd81d481d43fb513c37a191c8306242e473682aa5388b9bbda918923587adb9
BR-048,Brasil,RESOLUÇÕES E PORTARIAS DO TSE,"BRASIL. Tribunal Superior Eleitoral. Portaria nº 180, de 12 de Março de 2024. Institui o Centro Integrado de Enfrentamento à Desinformação e Defesa da Democracia e disciplina a sua atuação.",TSE,PORTARIA TSE,Resolução / Portaria,Deepfakes; Defesa da Democracia; Desinformação; Aperfeiçoamento; Apoio Técnico.,"A referida Portaria do TSE institui o Centro Integrado de Enfrentamento à Desinformação e Defesa da Democracia (CIEDDE). De acordo com o seu art. 3°, o CIEDDE será responsável por auxiliar os TREs no combate às deepfakes. Veja-se:

""Art. 3°. O CIEDDE tem como atribuições:
I - promover a cooperação entre a Justiça Eleitoral, órgãos públicos e entidades privadas, em especial as plataformas de redes sociais e serviços de mensageria privada, durante o período eleitoral, para garantir o cumprimento da Resolução TSE nº 23.610, de 18 de dezembro de 2019, com as alterações promovidas pela Resolução TSE nº 23.732, de 27 de fevereiro de 2024, inclusive auxiliando os Tribunais Regionais Eleitorais no aperfeiçoamento da regular utilização da inteligência artificial no âmbito eleitoral, o combate à desinformação e à deepfake, e a proteção à liberdade de escolha dos eleitores e eleitoras;"".",Disponível em: <https://www.tse.jus.br/legislacao/compilada/prt/2024/portaria-no-180-de-12-de-marco-de-2024>.,https://www.tse.jus.br/legislacao/compilada/prt/2024/portaria-no-180-de-12-de-marco-de-2024
BR-049,Brasil,RESOLUÇÕES E PORTARIAS DO TSE,"BRASIL. Tribunal Superior Eleitoral. Resolução 23.610, de 18 de dezembro de 2019. Dispõe sobre a propaganda eleitoral (Redação dada pela Resolução nº 23.732/2024).",TSE,RESOLUÇÃO TSE,Resolução / Portaria,Deepfakes; Propaganda Eleitoral; Conteúdo Sintético; Responsabilidade; Abuso do Poder Político.,"A referida Resolução do TSE, de acordo com o seu art. 9°-C, §1°, expressamente veda o uso, na propaganda eleitoral, em qualquer forma, de conteúdo sintético, gerado ou manipulado digitalmente, por mecanismo de deepfake. Veja-se:

""Art. 9º-C. É vedada a utilização, na propaganda eleitoral, qualquer que seja sua forma ou modalidade, de conteúdo fabricado ou manipulado para difundir fatos notoriamente inverídicos ou descontextualizados com potencial para causar danos ao equilíbrio do pleito ou à integridade do processo eleitoral. (Incluído pela Resolução nº 23.732/2024)

§ 1º. É proibido o uso, para prejudicar ou para favorecer candidatura, de conteúdo sintético em formato de áudio, vídeo ou combinação de ambos, que tenha sido gerado ou manipulado digitalmente, ainda que mediante autorização, para criar, substituir ou alterar imagem ou voz de pessoa viva, falecida ou fictícia (deep fake). (Incluído pela Resolução nº 23.732/2024)

§ 2º. O descumprimento do previsto no caput e no § 1º deste artigo configura abuso do poder político e uso indevido dos meios de comunicação social, acarretando a cassação do registro ou do mandato, e impõe apuração das responsabilidades nos termos do § 1º do art. 323 do Código Eleitoral, sem prejuízo de aplicação de outras medidas cabíveis quanto à irregularidade da propaganda e à ilicitude do conteúdo. (Incluído pela Resolução nº 23.732/2024).""",Disponível em: <https://www.tse.jus.br/legislacao/compilada/res/2019/resolucao-no-23-610-de-18-de-dezembro-de-2019>.,https://www.tse.jus.br/legislacao/compilada/res/2019/resolucao-no-23-610-de-18-de-dezembro-de-2019
BR-050,Brasil,RESOLUÇÕES E PORTARIAS DO TSE,"BRASIL. Tribunal Superior Eleitoral. Resolução 23.732, de 27 de fevereiro de 2024. Altera a Res.-TSE nº 23.610, de 18 de dezembro de 2019, dispondo sobre a propaganda eleitoral.",TSE,RESOLUÇÃO TSE,Resolução / Portaria,Deepfakes; Propaganda Eleitoral; Conteúdo Sintético; Responsabilidade; Abuso do Poder Político.,"A referida Resolução do TSE foi responsável por alterar a redação do art. 9°-C, caput, bem como de seus §1° e §2°, a fim de expressamente vedar o uso, na propaganda eleitoral, em qualquer forma, de conteúdo sintético, gerado ou manipulado digitalmente, por mecanismo de deepfake.",Disponível em: <https://www.tse.jus.br/legislacao/compilada/res/2024/resolucao-no-23-732-de-27-de-fevereiro-de-2024>.,https://www.tse.jus.br/legislacao/compilada/res/2024/resolucao-no-23-732-de-27-de-fevereiro-de-2024
BR-051,Brasil,RESOLUÇÕES E PORTARIAS DO TSE,"BRASIL. Tribunal Superior Eleitoral. Resolução nº 23.755, de 02 de março de 2026. Altera a Resolução nº 23.610/TSE, de 18 de dezembro de 2019, que dispõe sobre propaganda eleitoral.",TSE,RESOLUÇÃO TSE,Resolução / Portaria,Deepfakes; Remoção de Conteúdo; Dever de Informar; Propaganda Eleitoral; Conteúdo Sintético.,"A referida Resolução do TSE foi responsável por atualizar e alterar a redação da Resolução anterior, datada de 2019, fazendo constar sobretudo os seguintes dispositivos legais: 

""Art. 9º-B. A utilização na propaganda eleitoral, em qualquer modalidade, de conteúdo sintético multimídia gerado por meio de inteligência artificial ou tecnologia equivalente para criar, substituir, omitir, mesclar ou alterar a velocidade ou sobrepor imagens ou sons, impõe ao responsável pela propaganda o dever de informar, de modo explícito, destacado e acessível, que o conteúdo foi fabricado ou manipulado e qual tecnologia foi utilizada. (Incluído pela Resolução nº 23.732/2024)

(...) IV - em cada página ou face de material impresso em que utilizado o conteúdo produzido por inteligência artificial ou por tecnologia equivalente. (Incluído pela Resolução nº 23.732/2024)

(...) § 3º-A. Ficam vedadas a publicação e a republicação, ainda que gratuitas, bem como o impulsionamento pago de novos conteúdos sintéticos produzidos ou alterados por inteligência artificial ou por tecnologias equivalentes que utilizem imagem, voz ou manifestação de candidata ou candidato ou de pessoa pública, mesmo que rotulados e em conformidade com as demais exigências deste artigo, no período compreendido entre as 72 (setenta e duas) horas que antecedem e as 24 (vinte e quatro) horas que sucedem o término do pleito.

§ 4º. O descumprimento das regras previstas no caput e nos §§ 3º e 3º-A deste artigo impõe a imediata remoção do conteúdo ou indisponibilidade do serviço de comunicação, por iniciativa do provedor de aplicação ou por determinação judicial, sem prejuízo de apuração nos termos do § 2º do art. 9º-C desta Resolução.(Incluído pela Resolução nº 23.732/2024) (NR)

§ 5º. Os provedores de aplicação que disponibilizarem serviços de impulsionamento de conteúdo político-eleitoral devem viabilizar campo específico para que o responsável pela propaganda declare o uso de inteligência artificial ou de tecnologia equivalente, sem prejuízo das obrigações dispostas no § 1º deste artigo.""",Disponível em: <https://www.tse.jus.br/legislacao/compilada/res/2026/resolucao-no-23-755-de-2-de-marco-de-2026>.,https://www.tse.jus.br/legislacao/compilada/res/2026/resolucao-no-23-755-de-2-de-marco-de-2026
BR-052,Brasil,AGÊNCIA NACIONAL DE PROTEÇÃO DE DADOS - ANPD,"BRASIL. Agência Nacional de Proteção de Dados Pessoais (ANPD). Deepfakes. Brasília, DF: ANPD, 2026. (Radar Tecnológico, n. 6).",ANPD,DOCUMENTO DE PESQUISA,Documento institucional / Informe,Deepfakes; Contexto Eleitoral; Conceituação; Proteção de Dados Pessoais; Estado da Arte Regulatório.,"""(...) A Agência Nacional de Proteção de Dados (ANPD) lança, nesta quarta-feira (29), o sexto volume da série Radar Tecnológico, dedicado ao tema dos deepfakes, definidos como áudios, fotos e vídeos modificados ou artificialmente criados por meio da inteligência artificial generativa, com elevado grau de realismo. O estudo analisa o funcionamento dessa tecnologia, suas aplicações e os desafios que ela apresenta para a proteção de dados pessoais e a construção de ambientes digitais seguros. O documento elaborado pela Superintendência de Inovação Tecnológica (Sitec) apresenta uma explicação acessível sobre o funcionamento dos deepfakes e examina os fundamentos técnicos dessas ferramentas, sua evolução recente e as condições que possibilitam sua ampla disseminação. A publicação se insere no contexto das novas atribuições conferidas à ANPD pelos Decretos nº 12.975 e nº 12.976, de 20 de maio de 2026. Os normativos do Governo Federal ampliaram o papel institucional da Agência na promoção de ambientes digitais mais seguros e na proteção de grupos vulneráveis frente aos riscos decorrentes do uso de tecnologias digitais.  O Decreto nº 12.975 atribuiu à ANPD novas funções de supervisão e fiscalização relacionadas aos deveres de cuidado, à gestão de riscos sistêmicos, à transparência e à proteção de direitos dos usuários no ambiente digital, reforçando a necessidade de compreender tecnologias como os deepfakes e seus impactos sobre a privacidade e a segurança digital. Já o Decreto nº 12.976 estabeleceu diretrizes para o enfrentamento da violência contra as mulheres na internet e dedicou um capítulo específico à geração e à modificação de conteúdo íntimo por inteligência artificial ou qualquer outro recurso tecnológico, reconhecendo expressamente o papel dessas tecnologias na facilitação da violência digital contra mulheres. Nesta sexta edição, o Radar Tecnológico também analisa a relação entre deepfakes e proteção de dados pessoais, além de destacar como o uso indevido dessas tecnologias pode gerar impactos relevantes no contexto brasileiro. Isso inclui a produção de pornografia não consensual, a violência de gênero, a manipulação de conteúdos enganosos em contextos eleitorais, a reprodução de práticas racistas no ambiente digital e a aplicação de golpes e fraudes baseados em clonagem de voz, imagem e identidade. A principal conclusão do estudo é que deepfakes devem ser compreendidos como parte de um processo mais amplo de transformação dos mecanismos de produção, circulação e validação da informação na sociedade contemporânea. ""O enfrentamento de seus riscos dependerá de soluções técnicas, de instrumentos jurídicos específicos, e, principalmente, do fortalecimento do letramento digital, da educação midiática, da transparência algorítmica e da construção de uma cultura de uso responsável da inteligência artificial. Em um contexto em que evidências visuais e sonoras deixam de constituir, por si sós, garantias de autenticidade, a preservação da confiança nos ambientes digitais se torna um dos principais desafios para a proteção de direitos e a manutenção de sociedades informadas e democráticas"", traz o documento, nas considerações finais. (...).""",Disponível em: <https://www.gov.br/anpd/pt-br/centrais-de-conteudo/documentos-tecnicos-orientativos/rt_deepfakes_anpd.pdf>.,https://www.gov.br/anpd/pt-br/centrais-de-conteudo/documentos-tecnicos-orientativos/rt_deepfakes_anpd.pdf
BR-053,Brasil,AGÊNCIA NACIONAL DE PROTEÇÃO DE DADOS - ANPD,BRASIL. SENACON; ANPD; MINISTÉRIO PÚBLICO FEDERAL. Recomendação Conjunta - X BRASIL INTERNET LTDA. 20 de janeiro de 2026.,ANPD,RECOMENDAÇÃO CONJUNTA,Documento institucional / Informe,Deepfakes; Grok; Violência de Gênero; Proteção Infantil; Responsabilidade das Plataformas.,"Trata-se de Recomendação Conjunta expedida pelo Ministério Público Federal (MPF), pela Agência Nacional de Proteção de Dados (ANPD) e pela Secretaria Nacional do Consumidor (SENACON) dirigida à X Brasil Internet Ltda., em razão de denúncias sobre o uso da ferramenta de IA ""Grok"", integrada à plataforma ""X"", para criação de deepfakes sexuais de mulheres adultas e de crianças e adolescentes sem consentimento. O documento sustenta que a disponibilização de funcionalidades capazes de gerar imagens sintéticas sexualizadas a partir de fotos, vídeos ou áudios de terceiros, sem filtros adequados de idade, finalidade legítima ou autorização, viola direitos fundamentais, tais como a dignidade, privacidade, autodeterminação informativa e sexual, proteção integral da infância, igualdade de gênero e integridade psíquica. A recomendação articula fundamentos constitucionais, o Estatuto da Criança e do Adolescente (ECA), a LGPD, o Código de Defesa do Consumidor (CDC), o Marco Civil da Internet (MCI) e precedentes recentes do STF sobre o dever de cuidado das plataformas, afirmando que provedores não atuam como meros intermediários quando oferecem ferramentas generativas que produzem conteúdo lesivo. Com base nisso, determina cinco (5) eixos de providências: 1) bloqueio imediato da geração de deepfakes sexuais; 2) criação de procedimentos para localizar e excluir conteúdos já produzidos; 3) aplicação efetiva das próprias políticas internas do ""X"" contra nudez não consensual e exploração sexual infantil, com relatórios periódicos; 4) implementação de canal transparente para exercício de direitos de titulares e denúncias; e 5) elaboração de Relatório de Impacto específico sobre o tratamento de dados pessoais envolvido na geração de conteúdo sintético. Por fim, o texto ainda adverte que o descumprimento poderá ensejar medidas administrativas e judiciais, inclusive sanções previstas no MCI, CDC e LGPD.",Disponível em: <https://www.gov.br/anpd/pt-br/centrais-de-conteudo/documentos-tecnicos-orientativos/recomendacao_conjunta_anpd_mpf_senacon_caso_grok.pdf>.,https://www.gov.br/anpd/pt-br/centrais-de-conteudo/documentos-tecnicos-orientativos/recomendacao_conjunta_anpd_mpf_senacon_caso_grok.pdf
BR-054,Brasil,AGÊNCIA NACIONAL DE PROTEÇÃO DE DADOS - ANPD,"BRASIL. Agência Nacional de Proteção de Dados Pessoais (ANPD). Radar Tecnológico: inteligência artificial generativa, 1. ed., n. 03, nov. de 2024. Coordenação-Geral de Tecnologia e Pesquisa (CGTP): Fabiana S. P. Faraco Cebrian, et al.",ANPD,DOCUMENTO DE PESQUISA,Documento institucional / Informe,Deepfakes; Conteúdo Sintético; Direito de Imagem; Accountability Tecnológica; Proteção da Personalidade.,"Trata-se de documento de pesquisa elaborado pela Autoridade Nacional de Proteção de Dados (ANPD), com finalidade prospectiva e regulatória de mapear fundamentos técnicos, aplicações econômicas e riscos jurídicos associados à IA generativa à luz da Lei Geral de Proteção de Dados. Embora o texto possua escopo amplo e não seja dedicado exclusivamente aos deepfakes, ele oferece base conceitual diretamente relevante ao tema ao reconhecer que sistemas generativos produzem conteúdos cada vez mais realistas, capazes de se confundir com dados reais, representar pessoas identificadas ou identificáveis e disseminar narrativas falsas ou inverídicas sobre indivíduos concretos. O relatório destaca que a geração de conteúdo sintético amplia riscos ao direito de imagem, à honra, à reputação, ao livre desenvolvimento da personalidade e à autodeterminação informativa, especialmente quando saídas automatizadas atribuem fatos inexistentes a pessoas reais ou reproduzem sua aparência e identidade sem controle. Como exemplo paradigmático de deepfake, menciona-se a circulação viral de imagens sexuais falsas da cantora Taylor Swift. Ao apontar opacidade algorítmica, risco de alucinações e reutilização indevida de dados, a ANPD sinaliza que o fenômeno dos deepfakes não deve ser tratado apenas como um problema de desinformação, mas também como uma questão de governança de dados pessoais e accountability tecnológica. O relatório demonstra que conteúdos sintéticos hiper-realistas exigem respostas regulatórias preventivas, compatíveis com a LGPD e com a tutela da personalidade no ambiente digital.",Disponível em: <https://www.gov.br/anpd/pt-br/centrais-de-conteudo/documentos-tecnicos-orientativos/radar_tecnologico_ia_generativa_anpd.pdf/view>.,https://www.gov.br/anpd/pt-br/centrais-de-conteudo/documentos-tecnicos-orientativos/radar_tecnologico_ia_generativa_anpd.pdf/view
BR-055,Brasil,AGÊNCIA NACIONAL DE PROTEÇÃO DE DADOS - ANPD,"BRASIL. Agência Nacional de Proteção de Dados Pessoais (ANPD). Nota Técnica nº 1/2026/FIS/CGF/ANPD - Sistema de inteligência artificial Grok. Possíveis violações à Lei nº 13.709, de 14 de agosto de 2018 (Lei Geral de Proteção de Dados Pessoais - LGPD), 2026.",ANPD,NOTA TÉCNICA,Documento institucional / Informe,Deepfakes; Conteúdo Sintético; Proteção Infantil; Direito de Imagem; Fiscalização Regulatória.,"Trata-se de Nota Técnica elaborada pela Coordenação-Geral de Fiscalização da ANPD para subsidiar a instauração de procedimento fiscalizatório contra as empresas X Corp. e X Brasil Internet Ltda., em razão das funcionalidades do sistema ""Grok"". O documento examina denúncias apresentadas por parlamentares, entidades civis e órgãos públicos segundo as quais a ferramenta permitiria editar fotografias de terceiros e gerar deepfakes sexuais de mulheres, crianças e adolescentes sem qualquer grau de consentimento, convertendo imagens ordinárias em representações erotizadas acessíveis na plataforma ""X"". A ANPD sustenta, em especial com base em testes próprios em sede fiscalizatória, que deepfakes sexuais não consensuais violam não apenas a proteção de dados, mas também direitos à imagem, privacidade, autodeterminação sexual, integridade psíquica e dignidade humana, agravando-se de modo especial quando envolvem crianças e adolescentes, cujo melhor interesse impõe proteção reforçada. Também rejeita a narrativa de neutralidade tecnológica das plataformas ao afirmar que, quando a empresa integra deliberadamente ferramenta generativa à sua infraestrutura, responde pelo dever de prevenção, segurança, governança e mitigação proporcional aos riscos previsíveis do produto. O documento propõe abertura de fiscalização específica, atuação conjunta com outros órgãos e eventual determinação imediata para bloquear a geração de imagens, vídeos ou áudios sexualizados envolvendo menores ou adultos identificáveis sem autorização. Em síntese, a Nota Técnica examina que as deepfakes constituem, simultaneamente, um problema de direitos humanos, de proteção da personalidade e de tratamento ilícito de dados pessoais, exigindo do Brasil resposta regulatória preventiva e estruturante.",Disponível em: <https://www.gov.br/anpd/pt-br/centrais-de-conteudo/documentos-tecnicos-orientativos/nota-tecnica-no-1-2026-fis-cgf-anpd.pdf>.,https://www.gov.br/anpd/pt-br/centrais-de-conteudo/documentos-tecnicos-orientativos/nota-tecnica-no-1-2026-fis-cgf-anpd.pdf
BR-056,Brasil,"OUTROS ÓRGÃOS TÉCNICOS (MJSP, AGU, CGI.BR, CNMP, etc.)","BRASIL. SECRETARIA DE POLÍTICAS DIGITAIS. SECRETARIA DE COMUNICAÇÃO SOCIAL DA PRESIDÊNCIA DA REPÚBLICA. Relatório Grupo de Trabalho Deepfakes. Brasília, DF, 2026. 32 p.",SECRETARIA DE POLÍTICAS DIGITAIS,RELATÓRIO DE PESQUISA,Documento institucional / Informe,Deepfakes; Conteúdos Sintéticos; PL n° 2.338/2023; IA Generativa; Deepnudes.,"""O Grupo de Trabalho sobre deepfakes foi criado “com a finalidade de avaliar o impacto de conteúdos sintéticos relacionados a pessoas naturais, gerados ou manipulados por tecno logias de Inteligência Artificial, conhecidos como ‘deepfakes’ e estudar o desenvolvimento de medidas para proteção de direitos fundamentais e contenção de fraudes e golpes”. Ele foi instituído por meio da Portaria nº 1, de 22 de maio de 2025, pela Secretaria de Políticas Digitais da Secretaria de Comunicação Social da Presidência da República. O Grupo de Tra balho ficou encarregado de “identificar riscos e impactos da produção e disseminação de conteúdo sintético do tipo deepfakes aos direitos fundamentais e à proteção do patrimônio dos cidadãos e ao erário público”, “realizar estudos técnicos acerca das possíveis medidas adotadas quanto ao fenômeno de produção e disseminação de deepfakes no Brasil e no exterior”, e “recomendar diretrizes para a construção de políticas para contornar possíveis impactos danosos da produção e disseminação de ”. (...) O grupo se reuniu quinzenalmente e, inicialmente, esteve focado na compreensão do conceito de deepfakes, em seus efeitos sobre diferentes grupos sociais e na sociedade. Também foram discutidos os possíveis mecanismos para a contenção dos efeitos deletérios das deepfakes, sem deixar de reconhecer o potencial positivo que sistemas de IA podem ter no futuro do Brasil. Diante do cenário de tramitação, em Comissão Especial na Câmara dos Deputados, do Projeto de Lei (PL) n. 2338/2023, que visa estabelecer “normas gerais de caráter nacional para a governança responsável de sistemas de inteligência artificial (IA) no Brasil” (art. 1º), o Grupo de Trabalho passou então a focar seus esforços especificamente em desenvolver recomendações que pudessem ser incorporadas ao projeto - mas também analisou outras propostas regulatórias em discussão no legislativo. (...) A partir do diagnóstico de que seria oportuno suprir essa lacuna no PL n. 2338/2023, o GT apresentou alternativas de alteração ou inclusão de dispositivos ao longo do PL. O relatório representa, assim, recomendações de alterações ao PL, independentes entre si. Alguns dos integrantes do GT participaram integralmente de todas as suas reuniões, enquanto outros participaram de forma intermitente. Este relatório é um esforço coletivo de reflexão e proposição acerca do tema de deepfakes. Este relatório foi elaborado a partir das discussões e propostas apresentadas no âmbito do GT, e não reflete necessariamente as opiniões de cada integrante do GT individualmente. Considerando o esforço interministerial de diálogo sobre a matéria, especialmente os ministérios convidados a integrarem o Grupo de Trabalho, o relatório registra também as posições finais da Secretaria de Políticas Digitais em termos de recomendações para o legislativo.""",Disponível em: <https://www.gov.br/secom/pt-br/arquivos/2606_gt_relatorio-deepfake-v4-web.pdf/>.,https://www.gov.br/secom/pt-br/arquivos/2606_gt_relatorio-deepfake-v4-web.pdf/
BR-057,Brasil,"OUTROS ÓRGÃOS TÉCNICOS (MJSP, AGU, CGI.BR, CNMP, etc.)",BRASIL. Ministério da Justiça e Segurança Pública. Relatório do Comitê Consultivo para formulação de proposta de metodologia e fluxo centralizado de recepção de denúncias de crimes digitais contra crianças e adolescentes. 2026.,MINISTÉRIO DA JUSTIÇA E SEGURANÇA PÚBLICA,RELATÓRIO DE PESQUISA,Documento institucional / Informe,Deepfakes; Ministério da Justiça; Proteção Infantil; Conteúdo Sintético; Denúncias Digitais.,"Trata-se de relatório final elaborado no âmbito de Comitê Consultivo instituído pelo Ministério da Justiça e Segurança Pública (MJSP) para propor mecanismos de implementação do art. 27 da Lei nº 15.211/2025 (Estatuto Digital da Criança e do Adolescente - ECA Digital), especialmente quanto à comunicação obrigatória de conteúdos graves detectados por provedores de tecnologia. Embora não tenha como foco central os deepfakes, o documento é materialmente relevante ao tema por reconhecer a crescente complexidade de violações digitais baseadas em imagens artificiais e conteúdos visualmente plausíveis, incluindo “imagens autogeradas” de abuso sexual infantil e outras formas de representação simulada que desafiam categorias jurídicas tradicionais. O relatório sustenta que os atuais canais públicos de denúncia são insuficientes para lidar com o volume, a tecnicidade e a rapidez das infrações mediadas por plataformas, propondo-se a criação de um Centro Nacional de Triagem apto a receber dados estruturados, classificar denúncias, preservar evidências digitais, identificar padrões criminosos e encaminhar os casos às autoridades competentes. Também defende triagem automatizada, interoperabilidade institucional e deveres proativos de detecção por parte das plataformas, reconhecendo que novas formas de violência digital exigem resposta coordenada entre Estado, empresas e sociedade civil, por meio de arquitetura regulatória específica.",Disponível em: <https://www.gov.br/mj/pt-br/assuntos/arquivos-imprensa/sedigi/relatorio_comite_denuncia.pdf>.,https://www.gov.br/mj/pt-br/assuntos/arquivos-imprensa/sedigi/relatorio_comite_denuncia.pdf
BR-058,Brasil,"OUTROS ÓRGÃOS TÉCNICOS (MJSP, AGU, CGI.BR, CNMP, etc.)","BRASIL. Advocacia Geral da União (AGU). AGU notifica Google para desindexar sites que criam nudes falsos com IA. Notícias, 01 de abril de 2026.",ADVOCACIA GERAL DA UNIÃO (AGU),INFORME/DOCUMENTO,Documento institucional / Informe,Deepfakes; Nudificação; Violência Digital; Responsabilidade das Plataformas; Direitos Humanos.,"A Advocacia-Geral da União (AGU), por meio da Procuradoria Nacional da União de Defesa da Democracia, notificou extrajudicialmente o Google para que desindexe sites que utilizam IA e técnicas de deepfake para produzir imagens íntimas falsas de pessoas reais, com base em pesquisa da Fundação Getulio Vargas (FGV-Rio) que aponta mulheres, crianças e adolescentes como principais vítimas dessa prática. A notificação requer, no prazo de cinco dias, tanto a remoção de resultados já disponíveis (incluindo lista exemplificativa de mais de 40 links) quanto a implementação de filtros algorítmicos para impedir a reindexação de conteúdos semelhantes. O documento contextualiza o problema como parte de um cenário mais amplo de aumento de violência digital e atmosfera misógina, agravada pelo uso de IA para criação de conteúdos sintéticos não consensuais. A AGU sustenta que, embora os responsáveis diretos sejam os criadores e distribuidores desses materiais, a indexação por mecanismos de busca potencializa o acesso massivo e contribui para a disseminação da prática ilegal, podendo ensejar responsabilização das plataformas quando, cientes da ilicitude, estas não adotam medidas adequadas. O Informe, em síntese, fundamenta-se em deveres constitucionais de proteção à dignidade humana, especialmente de crianças e adolescentes, bem como no MCI, na LGPD e em outras normas civis, penais e consumeristas, além de invocar entendimento do Supremo Tribunal Federal (STF) sobre o dever de cuidado das plataformas digitais diante de conteúdos ilícitos graves.",Disponível em: <https://www.gov.br/agu/pt-br/comunicacao/noticias/agu-notifica-google-para-desindexar-sites-que-criam-nudes-falsos-com-ia>.,https://www.gov.br/agu/pt-br/comunicacao/noticias/agu-notifica-google-para-desindexar-sites-que-criam-nudes-falsos-com-ia
BR-059,Brasil,"OUTROS ÓRGÃOS TÉCNICOS (MJSP, AGU, CGI.BR, CNMP, etc.)","CNMP. Recomendação nº 125, de 26 de maio de 2026. Recomenda a adoção de medidas para fortalecer a atuação dos Ministérios Públicos da União e dos Estados nos casos de violência política de gênero, visando consolidar uma cultura jurídica que reconheça e garanta os direitos de todas as mulheres nos espaços relacionados ao exercício de seus direitos políticos e de suas funções públicas. Brasília, DF, 2026.",CONSELHO NACIONAL DO MINISTÉRIO PÚBLICO (CNMP),RECOMENDAÇÃO,Documento institucional / Informe,Violência Política de Gênero; Controle de Convencionalidade; Ministério Público; Direitos Políticos; Violência Digital de Gênero.,"Recomenda a adoção de medidas para fortalecer a atuação dos Ministérios Públicos da União e dos Estados nos casos de violência política de gênero, visando consolidar uma cultura jurídica que reconheça e garanta os direitos de todas as mulheres nos espaços relacionados ao exercício de seus direitos políticos e de suas funções públicas. Inclui menções ao combate à violência digital de gênero, conforme o voto da Relatora, Conselheira Karen Luise Vilanova Batista de Souza. Tal enfoque, contando ainda com um controle de convencionalidade, pode ser plenamente mobilizado diante do tema das deepfakes.","Disponível em: <https://www.cnmp.mp.br/portal/atos-e-normas/norma/12953>. Para o acórdão e o voto da Conselheira, conferir o processo n° 1.01324/2025-02 no seguinte link: <https://elo.cnmp.mp.br/pages/consulta.seam?isJurisprudencia=true&cid=79508#>.",https://www.cnmp.mp.br/portal/atos-e-normas/norma/12953
BR-060,Brasil,"OUTROS ÓRGÃOS TÉCNICOS (MJSP, AGU, CGI.BR, CNMP, etc.)","COMITÊ GESTOR DA INTERNET NO BRASIL (CGI.BR). Nota Técnica do CGI.BR sobre violência de gênero em ambientes digitais. Nota Técnica, 30 de junho de 2026.",CGI.BR,NOTA TÉCNICA,Documento institucional / Informe,Violência de Gênero; Violência Digital de Gênero; Propostas Legislativas; Dever de cuidado; Responsabilização de Plataformas.,"A Nota Técnica do CGI.br situa-se no contexto de recrudescimento da violência de gênero no Brasil - sendo cerca de 8,8 milhões de mulheres brasileiras vitimadas por violência digital no último ano - e apresenta recomendações técnicas para a tramitação de projetos de lei sobre o tema, especialmente diante de propostas de alteração do Marco Civil da Internet e da edição do Decreto nº 12.976/2026. O documento trata diretamente da produção não consentida de imagens íntimas sintéticas geradas por IA como manifestação central da violência de gênero digital, citando o crescimento exponencial de conteúdos de ""deepfake"" de abuso sexual (aumento de 3.042% entre 2019 e 2023) e o episódio do chatbot ""Grok""/X em 2026. Ademais, a nota propõe um giro terminológico relevante: recomenda o abandono de expressões como ""deepfakes pornográficas"" e ""pornografia de vingança"" em favor de termos como ""abuso ou exploração sexual"", alinhando-se às diretrizes de Luxemburgo. No plano regulatório, defende um modelo preventivo e sistêmico fundado no dever de cuidado dos provedores de aplicação, com responsabilização proporcional (conforme a Tipologia de Provedores de Aplicação do CGI.br), transparência algorítmica, desmonetização de conteúdo misógino e cautela quanto a medidas de rastreabilidade que possam fragilizar criptografia e anonimização. Quanto à técnica legislativa observada nos projetos de lei (PLs) em tramitação no Brasil, a nota constata que a tendência majoritária não é criminalizar a criação do deepfake como conduta autônoma, mas tratá-la como circunstância que qualifica ou agrava crimes já tipificados - a exemplo da Lei nº 15.123/2025 -, de modo que a ilicitude decorre não da existência do conteúdo sintético em si, mas do agravamento dos danos e das violações a direitos fundamentais que seu uso proporciona.",Disponível em: <https://cgi.br/publicacao/nota-tecnica-do-cgi-br-sobre-violencia-de-genero-em-ambientes-digitais/>.,https://cgi.br/publicacao/nota-tecnica-do-cgi-br-sobre-violencia-de-genero-em-ambientes-digitais/
BR-061,Brasil,"OUTROS ÓRGÃOS TÉCNICOS (MJSP, AGU, CGI.BR, CNMP, etc.)","COMITÊ GESTOR DA INTERNET NO BRASIL (CGI.BR). Nota Técnica de Contribuições do CGI.BR ao PL 2.338/2023 - Regulação da Inteligência Artificial no Brasil. Nota Técnica, 05 de março de 2026.",CGI.BR,NOTA TÉCNICA,Documento institucional / Informe,Regulação; PL n° 2.338/2023; Abordagem mais ampla; Deepfakes; Violência de Gênero.,"Dois tópicos da Nota Técnica do CGI.BR se dedicam a tratar especificamente do tema das deepfakes, quais sejam o tópico 2.1.1, intitulado ""Uso de sistemas de IA para abuso e exploração sexual como risco excessivo e necessidade de abordagem mais ampla sobre deepfakes"" e o tópico 2.1.2, intitulado ""Impactos da não adoção de medidas para coibir efeitos ilícitos (risco excessivo)"" (cf. p. 06-09). Suscita uma abordagem regulatória mais ampla do PL n° 2.338/2023 quanto ao tema das deepfakes.",Disponível em: <https://cgi.br/publicacao/nota-tecnica-do-cgi-br-sobre-o-pl-2-338-2023-regulacao-da-inteligencia-artificial-no-brasil/>.,https://cgi.br/publicacao/nota-tecnica-do-cgi-br-sobre-o-pl-2-338-2023-regulacao-da-inteligencia-artificial-no-brasil/
BR-062,Brasil,SOCIEDADE CIVIL (OUTROS DOCUMENTOS),ARTIGO 19 BRASIL; ALÁFIA LAB; IRIS. Resolução 23.755/2026 do TSE e a propaganda eleitoral na internet: entre avanços importantes e pontos problemáticos. Nota Técnica - Eleições 2026. 2026. 39 p.,ARTIGO 19 BRASIL; ALÁFIA LAB; IRIS,DOCUMENTO DE PESQUISA,Documento institucional / Informe,Deepfakes; Justiça Eleitoral; Desinformação Eleitoral; Inteligência Artificial; Propaganda Política Digital.,"As eleições gerais de 2026 no Brasil tendem a enfrentar grandes desafios, desde a expansão de tecnologias de inteligência artificial (IA) até o uso de técnicas já conhecidas: disseminação de desinformação, uso de algoritmos para segmentar mensagens políticas com potencial intensificação de bolhas informacionais, desigualdade no acesso a recursos de campanhas, polarização política e influência de redes sociais na formação da opinião pública. Diante desse cenário, exercendo suas competências normativas, o Tribunal Superior Eleitoral (TSE) aprovou 14 novas resoluções que atualizam a disciplina das Eleições Gerais de 2026 em vários temas. As novas previsões foram antes divulgadas como propostas e submetidas ao público, que pôde fazer contribuições em consulta pública e solicitar inscrição nas audiências públicas temáticas ocorridas entre 3 e 5 de fevereiro. Assim, as análises desta Nota Técnica sobre a nova redação da Resolução 23.610/2019 se estrutura em dois grupos de apontamentos: 1) Aprimoramentos acolhidos na Resolução 23.755/26, que serão apresentados com o objetivo de sistematizar alterações, contextualizar a relevância da alteração frente às novas práticas de propaganda eleitoral na internet e oferecer interpretação normativa para apoiar o controle social da norma; e 2) Pendências ou pontos delicados a serem elucidados, com objetivo de estimular a Justiça Eleitoral a oferecer maior densidade interpretativa, garantindo segurança jurídica e harmonização da jurisprudência. A intenção é viabilizar a melhor compreensão sobre as mudanças promovidas e, desde já, permitir à opinião pública antecipar eventuais questões problemáticas.",Disponível em: <https://artigo19.org/wp-content/blogs.dir/24/files/2026/03/NOTA_TSE2026-VF.pdf>.,https://artigo19.org/wp-content/blogs.dir/24/files/2026/03/NOTA_TSE2026-VF.pdf
BR-063,Brasil,SOCIEDADE CIVIL (OUTROS DOCUMENTOS),"CURZI, Yasmin et al. Desindexação de Sites de “Nudify” pelo Google: Proteção de Direitos Humanos e Prevenção de Violência Online contra Mulheres, Crianças e Adolescentes. Relatório de Pesquisa. Rio de Janeiro: FGV Direito Rio, fev. 2026. 20 p.",FGV-Rio,DOCUMENTO DE PESQUISA,Documento institucional / Informe,Deepfakes; Nudify; Nudificação; Desindexação; Plataformas Digitais.,"""(...) Este policy brief apresenta evidências e fundamentação jurídica para que o Google desindexe websites que oferecem ferramentas de “nudify” (“nudificação”) baseadas em inteligência artificial. Dados do Google Trends demonstram crescimento significativo nas buscas por “nudify” no Brasil, com pico de interesse em maio de 2025 (índice 67) e status de crescimento sustentado para termos relacionados, com concentração regional em estados do Nordeste e Sul do país. O estudo recomenda a desindexação imediata pelo Google de URLs que hospedam, promovem ou facilitam acesso a ferramentas de nudificação por IA, reconhecendo que tais ferramentas são estruturalmente vocacionadas à produção de imagens íntimas não consensuais (NCII – “non-consensual intimate images”) e de imagens de abuso sexual de crianças (CSAM – “child sexual abuse material”).""",Disponível em: <https://repositorio.fgv.br/server/api/core/bitstreams/583041e7-51df-4bc8-9296-8645cced467c/content>.,https://repositorio.fgv.br/server/api/core/bitstreams/583041e7-51df-4bc8-9296-8645cced467c/content
BR-064,Brasil,SOCIEDADE CIVIL (OUTROS DOCUMENTOS),"JUNQUILHO, Tainá Aguiar et al. (orgs.). Construindo consensos: deep fakes nas eleições de 2024. Relatório das decisões dos TREs sobre deep fakes. 1. ed. Brasília: Instituto Brasileiro de Ensino, Desenvolvimento e Pesquisa (IDP); Laboratório de Governança e Regulação de Inteligência Artificial, 2024. 57 p. E-book.",IDP,DOCUMENTO DE PESQUISA,Documento institucional / Informe,Deepfakes; Justiça Eleitoral; Transparência; Levantamento Jurisprudencial; Estudo Empírico.,"""(...) a presente nota técnica tem por objetivo discorrer sobre aspectos teóricos e práticos acerca do fenômeno das deep fakes nos processos eleitorais em vários países, bem como analisar a nova regulação do TSE, a qual, dentre outras medidas, determina a rotulagem do uso de IA na propaganda eleitoral, restringe o emprego de robôs (chatbots e avatares) e proíbe a utilização de deep fakes na propaganda político-eleitoral, com o objetivo de preservar a integridade do pleito eleitoral, garantir a transparência e promover o combate à desinformação e à propagação de conteúdo falso durante o período de campanha e pré-campanha eleitoral. Na segunda parte desta nota técnica, apresenta-se importante estudo empírico em que foram analisados casos para compreensão do entendimento dos tribunais eleitorais sobre o fenômeno do uso de deep fakes no contexto eleitoral, tomando como referência a recente Res./ TSE n. 23.732/2024, que alterou a Res./TSE n. 23.610/20219, dispondo sobre a propaganda eleitoral. Para tanto, realizou-se um recorte específico por palavras-chave, utilizando os termos “deepfake(s)” e “deep fake(s)”, a fim de identificar decisões que abordassem esse fenômeno. Por sua vez, o recorte temporal considerou apenas decisões proferidas após a vigência da Res. TSE n. 23.732/2024, de forma a garantir a atualidade e relevância do material analisado. As bases de dados utilizadas foram o site do Tribunal Superior Eleitoral e a plataforma Jusbrasil, garantindo o acesso a um amplo acervo jurisprudencial, e a data de fechamento da pesquisa foi o dia 19 de setembro de 2024.""",Disponível em: <https://pos.idp.edu.br/blogs/producoes-cedis-inteligencia-artificial/construindo-consensos-deep-fakes-nas-eleicoes-de-2024-relatorio-das-decisoes-dos-tres-sobre-deep-fakes>.,https://pos.idp.edu.br/blogs/producoes-cedis-inteligencia-artificial/construindo-consensos-deep-fakes-nas-eleicoes-de-2024-relatorio-das-decisoes-dos-tres-sobre-deep-fakes
BR-065,Brasil,SOCIEDADE CIVIL (OUTROS DOCUMENTOS),"MENDES, Laura Schertel Ferreira et al. (coords.). Integridade da informação nas eleições e plataformas digitais: caminhos para a corregulação. Brasília: Laboratório de Governança e Regulação de Inteligência Artificial (LIA) do Instituto Brasileiro de Ensino, Desenvolvimento e Pesquisa (IDP), 1. ed., 2026. 287 p.",IDP,DOCUMENTO DE PESQUISA,Documento institucional / Informe,Deepfakes; Accountability Informacional; Responsabilidade das Plataformas; Auditoria e Revisão; Moderação.,"""(...) O relatório “Integridade da Informação nas Eleições e Plataformas Digitais: Caminhos para a Corregulação” parte justamente dessa inflexão normativa. Seu objetivo é examinar a estrutura e o alcance jurídico dos deveres impostos pela Resolução TSE n.º 23.610/2019 (com as atualizações da Res. n.º 23.732/2024) e propor caminhos concretos para o fortalecimento de um modelo de corregulação eleitoral. Parte-se do reconhecimento de que o enfrentamento da desinformação e da manipulação informacional não pode ser conduzido apenas por instrumentos de enforcement estatal, exigindo arranjos cooperativos entre o poder público, as plataformas digitais e a sociedade civil. Essa perspectiva de governança distribuída traduz a compreensão de que a integridade informacional é um bem jurídico coletivo cuja proteção demanda coordenação institucional e compartilhamento de responsabilidades. (...) A análise comparada empreendida ao longo do relatório evidencia que a efetividade desse modelo depende da consolidação de uma cultura de accountability informacional nas plataformas, pautada por quatro eixos estruturantes: (i) coerência normativa entre termos de uso, políticas internas e obrigações legais; (ii) transparência ativa e publicização dos resultados das ações de moderação e mitigação de riscos; (iii) existência de mecanismos de auditoria e revisão independentes; e (iv) compromisso institucional com a preservação da integridade eleitoral como valor público transversal. (...).""",Disponível em: <https://wpcdn.idp.edu.br/idpsiteportal/2026/02/IDP-LIA-Relatorio-de-Pesquisa-Integridade-da-informacao-nas-eleicoes-e-plataformas-digitais-caminhos-para-a-corregulacao-2026-2.pdf>.,https://wpcdn.idp.edu.br/idpsiteportal/2026/02/IDP-LIA-Relatorio-de-Pesquisa-Integridade-da-informacao-nas-eleicoes-e-plataformas-digitais-caminhos-para-a-corregulacao-2026-2.pdf
BR-066,Brasil,SOCIEDADE CIVIL (OUTROS DOCUMENTOS),"INSTITUTO MARIELLE FRANCO. Regime de ameaça: Violência Política de Gênero e Raça no âmbito digital. Brisa Lima da Silva e Dandara Oliveira (org.). Rio de Janeiro, RJ: Instituto Marielle Franco, 2025. 128 p. ISBN: 978-65-993290-6-7.",INSTITUTO MARIELLE FRANCO,RELATÓRIO DE PESQUISA,Documento institucional / Informe,Violência Política de Gênero; Racismo; Perspectiva de Gênero; Deepfakes; Direito Internacional dos Direitos Humanos.,"""(...) O objetivo dos nossos estudos é contribuir com o desenvolvimento de políticas públicas mais eficazes que garantam a segurança e a participação de mulheres negras na política, livres de violência. Entendemos a violência política como um fenômeno instrumental, utilizado para manter fora dos espaços de poder os grupos historicamente excluídos. Neste novo relatório, direcionamos o foco para um ambiente crítico e recorrente na disseminação de assédio, desinformação, discurso de ódio, discriminação, cyberbullying e invasão de privacidade: o ambiente digital. Desde nossa fundação, acompanhamos denúncias de violências políticas mediadas por tecnologias, em redes sociais, e-mails e outros meios eletrônicos. Enquanto isso, as empresas proprietárias de redes sociais e grandes estruturas globais de tecnologia da informação, as chamadas big techs, têm recuado em políticas de enfrentamento às violências digitais, mesmo quando essas políticas já eram frágeis. Em vez de aprofundar os mecanismos de proteção, muitas dessas empresas têm se alinhado a discursos da extrema direita que inviabilizam a defesa dos direitos humanos. Em 6 de junho de 2024, YouTube, Meta (Facebook, Instagram e WhatsApp), Google, Microsoft, Kwai e TikTok assinaram um acordo com o Supremo Tribunal Federal. No entanto, o acordo não gerou obrigações vinculantes, permitindo que as plataformas escolham se vão ou não adotar medidas concretas contra a desinformação.Embora também possam ser utilizadas como ferramentas de mobilização e denúncia por defensoras de direitos humanos, as redes sociais têm sido, massivamente, instrumentalizadas para amplificar violências políticas. Casos de xingamentos transfóbicos e racistas proferidos por representantes da extrema direita são filmados e disseminados online como estratégia para inflamar suas bases. É comum que essas agressões incluam alusões a Marielle Franco, especialmente em ameaças contra mulheres negras que atuam em espaços públicos. As mensagens frequentemente afirmam que “o mesmo que aconteceu com Marielle” pode acontecer com elas. Trata-se, em sua maioria, de ofensas e ameaças de cunho racista, machista, transfóbico e sexista, apresentadas sob o pretexto de liberdade de expressão, mas que, na realidade, configuram discursos de ódio. Diante disso, este novo estudo tem como objetivo aprofundar o debate sobre a capilarização da violência política de gênero e raça no ambiente digital, a partir de uma perspectiva decolonial e do feminismo negro. Buscamos qualificar as informações disponíveis sobre o tema por meio de análises plurais, contribuir para a construção de mecanismos de enfrentamento e apresentar dados consistentes, referenciados e acessíveis. Em um momento crítico de transformação tecnológica, nossa intenção é fortalecer o debate sobre o papel da internet na perpetuação — e no possível enfrentamento — da violência política, com base em uma abordagem feminista, antirracista e decolonial. (...)."" (p. 13-14)",,
BR-067,Brasil,SOCIEDADE CIVIL (OUTROS DOCUMENTOS),"SOUZA, Gustavo; SILVA, Tarcízio. (orgs.). Enfrentando deepfakes. 2. ed. Brasília, DF: Desvelar, 2026. E-book.",DESVELAR,DOCUMENTO DE PESQUISA,Documento institucional / Informe,Deepfakes; Deepnudes; Pluralidade; Diversidade Epistêmica; Racismo Algorítmico.,"""(...) Hoje enfrentamos coletivamente novos desafios diante das deepfakes. Talvez o alerta mais estridente do que estava por vir tenha sido feito há quase uma década, quando um vídeo de menos de 90 segundos exibia o ex-presidente estadunidense Barack Obama criticando o primeiro mandato de Donald Trump e alertava sobre os desafios da política — ao final, revelava-se, como um conteúdo sintético, produzido pelo diretor de “Corra!”, Jordan Peele. Através de serviço de Inteligência Artificial Generativa (IAGen), o Grok AI, milhares de usuários da plataforma X puderam exercer violência sexual ao criar deepnudes a partir de fotos reais, sem nenhum controle. Nos últimos anos, testemunhamos como as big techs vêm esgarçando os limites do que é aceitável ou não, testando a capacidade de regulação dos estados nacionais, consumindo a autonomia das comunidades ao redor do mundo e dissolvendo conceitos como soberania. Nossas práticas coletivas envolvem reconhecer e rejeitar o colonialismo interno. As concentrações regionais que levam a falsas universalizações prejudicam a pluralidade e a diversidade epistêmica que caracterizam o país. Em reação à reprodução de dinâmicas coloniais internas no Brasil, as autoras e autores aqui são provenientes de diferentes setores e de todas as regiões do país. Dessa forma, 2/3 das pessoas autoras são do Norte e Nordeste do país a partir de estados como Acre, Bahia, Ceará, Rondônia, Rio Grande do Norte, Pará e Pernambuco. O problema das deepfakes, como a pessoa leitora poderá notar ao longo dos 30 capítulos, não se trata de avanços técnicos que permitiram alcançar a fidelidade fotográfica das simulações, mas sim as premissas e objetivos de quem concentra poder. (...). A ordem dos capítulos é deliberada para agrupar reflexões e propostas que se conectam em tema, disciplina ou problema. Do capítulo 01 ao 08, autoras tratam do papel das relações de gênero e do machismo no estabelecimento deste panorama distópico que observamos em torno de deepnudes e modos de objetificação das mulheres. Do capítulo 09 ao 12 o foco está no combate ao racismo algorítmico e alternativas de resistência. Os capítulos 14 e 15 tratam da idade a partir de seus dois extremos: infância e idosidade, incluindo uma autora nonagenária. Os capítulos 16 e 17 se debruçam sobre a conexão entre IAGen, golpes e o nocivo mercado de apostas. Finalmente, do capítulo 18 em diante, temos diferentes olhares políticos, jurídicos e sociais sobre as ameaças à integridade informacional, em especial seus impactos à democracia e às eleições.""",Disponível em: <https://desvelar.org/2026/03/24/perspectivas_sobre_deepfakes/>.,https://desvelar.org/2026/03/24/perspectivas_sobre_deepfakes/
BR-068,Brasil,SOCIEDADE CIVIL (OUTROS DOCUMENTOS),"TAVARES, Clarice et al. Os caminhos de combate à violência digital contra meninas e mulheres no Brasil. InternetLab, São Paulo: 2026.",INTERNETLAB,DOCUMENTO DE PESQUISA,Documento institucional / Informe,Deepfakes; Discriminação Algorítmica; Discriminação de Gênero; Misoginia; Regulação de Plataformas Digitais.,"""(...) O InternetLab, com o objetivo de apoiar e qualificar o debate sobre a construção de políticas públicas de enfrentamento à violência de gênero online, elaborou uma nota técnica que reúne dados, análises e recomendações para as discussões regulatórias sobre o tema. O documento considera os diferentes agentes envolvidos, como agressores, vítimas e plataformas, e propõe uma abordagem integrada para o enfrentamento da misoginia. As recomendações estão organizadas em seis eixos: 1) Adaptação da rede de atendimento especializado para o acolhimento de casos de violência digital: destacamos a necessidade de adaptar e capacitar a rede de atendimento, como delegacias, o Ligue 180 e a Casa da Mulher Brasileira, entre outros serviços, para lidar adequadamente com situações de violência digital. Isso inclui assegurar o preparo técnico, capacidade de fornecer informações precisas e um acolhimento qualificado às vítimas de violência online. 2) Fortalecimento de mecanismos de monitoramento e transparência: apontamos a necessidade de aprimorar os instrumentos de transparência e de promover a produção qualificada de dados sobre violência de gênero em suas múltiplas formas. Ressaltamos que iniciativas de integração e compartilhamento de bases de dados de violência contra a mulher devem ser acompanhadas de salvaguardas robustas de proteção de dados e de uma governança estruturada, orientada pela natureza e pela sensibilidade das informações. 3) Regulação de plataformas digitais: reforçamos a necessidade de estabelecer regras para plataformas voltadas ao enfrentamento da misoginia, que assegurem, de forma equilibrada, a proteção das mulheres, a garantia da privacidade e a preservação da liberdade de expressão. Entre as recomendações específicas, destacam-se: a adoção de cautela na definição de obrigações de remoção de conteúdo; o avanço na especificação normativa do dever de cuidado; a implementação de um regime de preservação de dados em casos de violência de gênero; a desmonetização de conteúdos misóginos; o estabelecimento de regras de responsabilidade relacionadas ao desenho e à arquitetura das plataformas digitais; a criação de canais especializados de atendimento; e o fortalecimento de mecanismos de transparência. 4) Regulação de inteligência artificial: apontamos os riscos associados às deepfakes de conteúdo sexual não consentido e argumentamos pela sua classificação como de risco excessivo. Recomendamos a adoção de medidas de segurança desde a concepção (safety by design), de modo a prevenir a produção e a disseminação desse tipo de conteúdo. 5) Adequação dos marcos legais de proteção às mulheres em face das dinâmicas de violência na internet: recomendamos a elaboração de uma legislação específica que considere as especificidades do ambiente digital, com a definição jurídica de misoginia e medidas protetivas de urgência. 6) Promoção de medidas de educação e conscientização: por fim, apontamos a necessidade de maior investimento em ações de educação e de promoção da igualdade de gênero, voltadas a crianças e adolescentes. (...).""",Disponível em: <https://internetlab.org.br/wp-content/uploads/2026/04/Os-caminhos-de-combate-a-violencia-digital-contra-mulheres-e-meninas-no-Brasil.pdf>.,https://internetlab.org.br/wp-content/uploads/2026/04/Os-caminhos-de-combate-a-violencia-digital-contra-mulheres-e-meninas-no-Brasil.pdf
BR-069,Brasil,LEGISLAÇÃO BRASILEIRA,"BRASIL. Decreto nº 12.976, de 20 de maio de 2026. Estabelece diretrizes para a proteção de mulheres na internet e para o enfrentamento da violência contra mulheres em ambiente digital.",DECRETO N° 12.976/2026,DECRETO,Legislação,Violência contra Mulheres em ambientes digitais; Dever de Cuidado; Deepfakes; Legislação.,"O Decreto n° 12.976/2026, junto ao Decreto n° 12.975/2026, atualiza a regulamentação do Marco Civil da Internet para, especificamente, estabelecer diretrizes para a proteção de mulheres na internet e para o enfrentamento da violência contra mulheres em ambiente digital (""crimes ou atos ilícitos contra mulheres, em razão da condição do sexo feminino, consistente em ato, conduta ou omissão que cause morte, dano ou sofrimento físico, sexual, psicológico, político ou econômico, inclusive dano patrimonial, em qualquer esfera de suas vidas, cometido, instigado, facilitado ou agravado, total ou parcialmente, pelo uso de tecnologias digitais""), expostos nas alíneas ""a"" a ""f"" do art. 3°, inciso II. A partir destes dispositivos, é possível destacar uma perspectiva de gênero na regulação da IA. Em seu capítulo III, os artigos 9° e 10 tratam da geração e modificação de conteúdo íntimo por IA ou qualquer outro recurso tecnológico, sendo tal definição aplicável aos deepfakes. De acordo com a Nota Técnica do CGI.BR de 30 de junho de 2026 (p. 05), o referido Decreto ""(...) estabelece diretrizes para a proteção de mulheres na Internet e para o enfrentamento da violência contra mulheres em ambiente digital. O decreto orienta-se pelo princípio da centralidade da vítima e pelo dever de cuidado, além de estabelecer medidas para impedir a circulação de conteúdos criminosos e ilícitos e responsabilizar provedores de aplicações de Internet em casos de falha sistêmica. (...).""",Disponível em: <https://www.planalto.gov.br/ccivil_03/_ato2023-2026/2026/decreto/d12976.htm>.,https://www.planalto.gov.br/ccivil_03/_ato2023-2026/2026/decreto/d12976.htm
BR-070,Brasil,LEGISLAÇÃO BRASILEIRA,"BRASIL. Lei nº 15.123, de 24 de abril de 2025. Altera o art. 147-B do Decreto-Lei nº 2.848, de 7 de dezembro de 1940 (Código Penal), para estabelecer causa de aumento de pena no crime de violência psicológica contra a mulher quando praticado com o uso de inteligência artificial ou de qualquer outro recurso tecnológico que altere imagem ou som da vítima.",LEI N° 15.123/2025,LEI,Legislação,Deepfakes; Alteração Legislativa; Código Penal; Violência Psicológica; Perspectiva de Gênero.,"A alteração legislativa prevê causa de aumento de pena para crimes de violência psicológica contra a mulher, quando estes são praticados por intermédio de IA ou qualquer outro recurso tecnológico capaz de alterar imagem ou som da vítima. Essa nova causa de aumento (inserida no Código Penal brasileiro) é uma forma direta de combate ao fenômeno das deepfakes.",Disponível em: <https://www.planalto.gov.br/ccivil_03/_ato2023-2026/2025/lei/l15123.htm>.,https://www.planalto.gov.br/ccivil_03/_ato2023-2026/2025/lei/l15123.htm
BR-071,Brasil,LEGISLAÇÃO BRASILEIRA,"BRASIL. Lei nº 15.211, de 17 de setembro de 2025. Dispõe sobre a proteção de crianças e adolescentes em ambientes digitais (Estatuto Digital da Criança e do Adolescente).",ECA DIGITAL,LEI,Legislação,Proteção de Crianças e Adolescentes; Ambientes Digitais; Legislação.,ECA Digital.,Disponível em: <https://www.planalto.gov.br/ccivil_03/_ato2023-2026/2025/lei/L15211.htm>.,https://www.planalto.gov.br/ccivil_03/_ato2023-2026/2025/lei/L15211.htm
BR-072,Brasil,LEGISLAÇÃO BRASILEIRA,"BRASIL. Lei nº 13.709, de 14 de agosto de 2018. Lei Geral de Proteção de Dados Pessoais (LGPD).",LGPD,LEI,Legislação,Proteção de Dados Pessoais; Responsabilidade das Plataformas; Legislação.,LGPD.,Disponível em: <https://www.planalto.gov.br/ccivil_03/_ato2015-2018/2018/lei/L13709.htm>.,https://www.planalto.gov.br/ccivil_03/_ato2015-2018/2018/lei/L13709.htm
BR-073,Brasil,LEGISLAÇÃO BRASILEIRA,"BRASIL. Lei nº 12.965, de 23 de abril de 2014. Estabelece princípios, garantias, direitos e deveres para o uso da Internet no Brasil (Marco Civil da Internet).",MARCO CIVIL DA INTERNET,LEI,Legislação,Uso da Internet no Brasil; Direito Fundamental à Proteção de Dados Pessoais. Legislação.,MCI.,Disponível em: <https://www.planalto.gov.br/ccivil_03/_ato2011-2014/2014/lei/l12965.htm>.,https://www.planalto.gov.br/ccivil_03/_ato2011-2014/2014/lei/l12965.htm
SI-001,Sistema Interamericano (SIDH),"INFORMES ANUAIS, SOBRE PAÍSES E TEMÁTICOS","CIDH; RELE. Marco jurídico interamericano sobre el derecho a la libertad de expresión: Actualización 2025. Relator Especial para la Libertad de Expresión, Pedro Vaca Villarreal. OEA/Ser.L/V/II CIDH/RELE/INF.29/25, 2025. 143 p.",CIDH,RELE,Documento institucional / Informe,Liberdade de expressão; Censura prévia; Moderação de conteúdo; Desinformação digital; Proporcionalidade.,"O documento sistematiza e atualiza os padrões do Sistema Interamericano sobre o direito à liberdade de expressão, consolidando a jurisprudência da CIDH, da Relatoria Especial para a Liberdade de Expressão (RELE) e da Corte IDH em torno do artigo 13 da Convenção Americana. A publicação reafirma a liberdade de expressão como condição estrutural da democracia e aborda temas clássicos, tais como proibição de censura prévia, responsabilidades ulteriores, proteção reforçada ao discurso sobre assuntos públicos, acesso à informação, pluralismo midiático e segurança de jornalistas, ao mesmo tempo em que incorpora desafios contemporâneos da internet e do ambiente digital, como moderação de conteúdo em plataformas, desinformação em redes sociais, vigilância estatal e privada, uso abusivo do direito para silenciar críticos (SLAPPs), discursos de ódio, concentração de poder informacional e impactos algorítmicos sobre a circulação e visibilidade de conteúdos online. Nesse contexto, embora não trate especificamente de deepfakes, os parâmetros expostos detém repercussão direta sobre esse fenômeno, sobretudo quanto à manipulação audiovisual enganosa difundida na internet, à desinformação eleitoral em larga escala, à violação da imagem e da honra em redes digitais e aos critérios para rotulação, redução de alcance ou remoção de conteúdos sintéticos sem comprometer a liberdade de expressão. O texto enfatiza que as restrições à liberdade de expressão devem obedecer aos requisitos de legalidade, finalidade legítima, necessidade e proporcionalidade, defendendo-se a transparência estatal e empresarial, o devido processo legal em decisões de moderação, o acesso a mecanismos de recurso e a proteção reforçada a grupos vulnerabilizados nestes ambientes, oferecendo base normativa relevante para respostas regulatórias sobre as deepfakes e a governança da internet no SIDH.",Disponível em: <https://www.oas.org/es/cidh/expresion/informes/marcojuridico2025ES.pdf>.,https://www.oas.org/es/cidh/expresion/informes/marcojuridico2025ES.pdf
SI-002,Sistema Interamericano (SIDH),"INFORMES ANUAIS, SOBRE PAÍSES E TEMÁTICOS","CIDH; RELE. The Impact of Digital Surveillance on Freedom of Expression in the Americas. Special Rapporteur for Freedom of Expression, Pedro Vaca Villarreal. OEA/Ser.L/V/II CIDH/RELE/INF.33/25, 2025. 78 p.",CIDH,RELE,Documento institucional / Informe,Vigilância digital; Spyware; Reconhecimento facial; Liberdade de expressão; Proporcionalidade.,"O documento examina o impacto da vigilância digital sobre a liberdade de expressão na América Latina, identificando a crescente normalização do uso de tecnologias invasivas por Estados e outros atores, muitas vezes sob marcos jurídicos insuficientes e com fraca supervisão democrática. Analisa instrumentos como spyware comercial, reconhecimento facial, geolocalização, interceptação de comunicações e coleta massiva de dados, destacando seus efeitos inibidores sobre jornalistas, defensores de direitos humanos, opositores políticos e sociedade civil, com prejuízo ao debate público e à participação democrática. No contexto da internet, o relatório demonstra como a vigilância digital altera comportamentos online, reduz o anonimato, amplia riscos de autocensura e fortalece estruturas de controle informacional em plataformas e redes. Embora não trate especificamente de deepfakes como objeto central, suas conclusões têm repercussão direta sobre esse fenômeno, especialmente quando conteúdos sintéticos são combinados com monitoramento de dados pessoais, perfilamento algorítmico, campanhas coordenadas de desinformação e identificação direcionada de vítimas ou dissidentes. Defendem-se os seguintes parâmetros para políticas públicas voltadas ao combate abusivo da vigilância e aos riscos sistêmicos associados a deepfakes no ambiente digital: legalidade estrita, necessidade, proporcionalidade, autorização judicial independente, transparência e prestação de contas (accountability).",Disponível em: <://www.oas.org/en/iachr/expression/reports/VigilanciaRELECIDH.pdf>.,
SI-003,Sistema Interamericano (SIDH),"INFORMES ANUAIS, SOBRE PAÍSES E TEMÁTICOS","CIDH; RELE. Inclusión digital y gobernanza de contenidos en internet. Relator Especial para la Libertad de Expresión, Pedro Vaca Villarreal. OEA/Ser.L/V/II CIDH/RELE/INF.28/24, 2024. 92 p.",CIDH,RELE,Documento institucional / Informe,Inclusão digital; Governança de conteúdos; Alfabetização digital; Moderação de plataformas; Acesso universal.,"O documento analisa a inclusão digital e a governança de conteúdos na internet a partir de parâmetros do SIDH, reconhecendo o acesso significativo às redes como uma condição essencial para o exercício contemporâneo da liberdade de expressão, do acesso à informação, da participação democrática e de diversos outros direitos fundamentais. O relatório destaca que a exclusão digital não se limita à ausência de conectividade, abrangendo também desigualdades de infraestrutura, custos, qualidade dos serviços, disponibilidade de dispositivos, acessibilidade e alfabetização digital, fatores esses que afetam grupos vulnerabilizados de modo desproporcional. No campo da internet, examina ainda os desafios da moderação de conteúdos por plataformas privadas, a concentração de poder informacional, os impactos algorítmicos sobre visibilidade e alcance de discursos e os riscos da desinformação online. Embora não trate especificamente de deepfakes como eixo central, o documento possui repercussão direta sobre esse fenômeno ao defender respostas compatíveis com os direitos humanos para conteúdos sintéticos enganosos, incluindo transparência procedimental, devido processo, mecanismos de recurso, educação midiática e medidas proporcionais contra manipulações audiovisuais disseminadas em redes digitais. Em síntese, oferece um marco normativo relevante para pensar deepfakes, inclusão digital e governança da internet sob uma perspectiva democrática e interamericana.",Disponível em: <https://www.oas.org/es/cidh/expresion/informes/Inclusion_digital_esp.pdf>.,https://www.oas.org/es/cidh/expresion/informes/Inclusion_digital_esp.pdf
SI-004,Sistema Interamericano (SIDH),"INFORMES ANUAIS, SOBRE PAÍSES E TEMÁTICOS","CIDH; RELE. Informe anual de la Relatoría Especial para la Libertad de Expresión: Informe anual de la Comisión Interamericana de Derechos Humanos, 2024, vol. 2: aprobado por la CIDH el 3 de marzo de 2025. Relator Especial para la Libertad de Expresión, Pedro Vaca Villarreal. OEA/Ser.L/V/II. doc. 39/25 v.2, 2025. 392 p.",CIDH,RELE,Documento institucional / Informe,Liberdade de expressão; Plataformas digitais; Deepfakes eleitorais; Desinformação online; Governança digital.,"O Informe Anual 2024 da Relatoria Especial para a Liberdade de Expressão (RELE) da CIDH examina a situação da liberdade de expressão na América Latina, dedicando atenção aos impactos da internet, da Inteligência Artificial e das novas formas de desinformação sobre a democracia na região. Entre diversos temas, o documento menciona expressamente as deepfakes como risco contemporâneo para a integridade informacional, especialmente em processos eleitorais e no debate público digital. No capítulo sobre o Uruguai, registra-se um projeto legislativo destinado a sancionar o uso de deepfakes produzidos por IA para prejudicar candidaturas durante campanhas, ao mesmo tempo em que destaca críticas de organizações civis quanto à vagueza normativa e ao potencial efeito inibidor sobre a liberdade de expressão. Também faz referência ao Brasil, onde o debate regulatório eleitoral avançou diante do risco de manipulação audiovisual e fraude informacional em campanhas políticas, bem como à Argentina, em contexto de discussões públicas sobre desinformação tecnológica e uso de ferramentas de IA na arena política. O relatório evidencia que as deepfakes são uma preocupação regional não apenas por sua capacidade de falsificar declarações, imagens e vídeos, mas também por amplificar ataques reputacionais, enganar eleitores e deteriorar a confiança pública em sociedades hiperconectadas. Ao mesmo tempo, insiste que qualquer resposta estatal ou privada ao fenômeno deve observar certos princípios, tais como legalidade, necessidade, proporcionalidade, transparência e devido processo, evitando censura excessiva e preservando o pluralismo democrático online.",Disponível em: <https://www.oas.org/es/cidh/expresion/informes/IA2024%20RELE_ES.pdf>.,https://www.oas.org/es/cidh/expresion/informes/IA2024%20RELE_ES.pdf
SI-005,Sistema Interamericano (SIDH),"INFORMES ANUAIS, SOBRE PAÍSES E TEMÁTICOS","CIDH; RELE. Special Report on the Situation of Freedom of Expression in Brazil. Special Rapporteur for Freedom of Expression, Pedro Vaca Villarreal. OEA/Ser.L/V/II CIDH/RELE/INF.35/25, 2025. 111 p.",CIDH,RELE,Documento institucional / Informe,Brasil; Deepfakes; Inteligência Artificial; Plataformas digitais; Democracia digital.,"O relatório examina a situação da liberdade de expressão no Brasil sob a perspectiva do SIDH, com especial atenção ao período posterior às eleições de 2022, à tentativa de ruptura institucional de 08 de janeiro de 2023 e aos desafios contemporâneos trazidos pela internet à democracia brasileira. O texto reconhece que a conectividade ampliou acesso à informação, pluralidade de vozes e participação cívica, mas identifica também riscos relevantes ligados à desinformação, concentração econômica de plataformas, opacidade algorítmica, judicialização de conteúdos online, ataques coordenados em redes sociais e assimetrias de poder entre usuários, Estado e grandes empresas digitais. Em relação à governança digital, discute responsabilidade de intermediários, bloqueios de plataformas, transparência em ordens judiciais de remoção, garantias processuais a usuários e participação multissetorial na formulação regulatória. De forma específica, o relatório manifesta preocupação com a ausência de marco regulatório claro para a Inteligência Artificial no Brasil e registra o crescimento do uso das deepfakes, citando imagens e vídeos falsos empregados para golpes financeiros, manipulação da imagem de parlamentares e defensores de direitos humanos, fraudes reputacionais, desinformação sobre políticas públicas e pornografia sintética. O documento também associa as deepfakes ao risco eleitoral, mencionando debates públicos e normas brasileiras voltadas à vedação de conteúdos sintéticos enganosos em campanhas, analisando que a defesa da democracia depende simultaneamente da proteção robusta da liberdade de expressão e da responsabilização proporcional por abusos que possam corroer a ordem constitucional. Também aborda problemas históricos persistentes no país, como a violência contra jornalistas, a criminalização de delitos de honra, o uso estratégico do sistema judicial para silenciar críticos, as desigualdades estruturais e os discursos discriminatórios. Sustenta-se que qualquer regulação sobre o tema deve observar príncipios como legalidade, necessidade, proporcionalidade, devido processo, transparência e proteção reforçada da liberdade de expressão.",Disponível em: <https://www.oas.org/en/iachr/expression/reports/relebrazilreport.pdf>.,https://www.oas.org/en/iachr/expression/reports/relebrazilreport.pdf
SI-006,Sistema Interamericano (SIDH),"INFORMES ANUAIS, SOBRE PAÍSES E TEMÁTICOS","CIDH. Informe anual de la Comisión Interamericana de Derechos Humanos, 2025: aprobado por la Comisión Interamericana de Derechos Humanos el 26 de febrero de 2026. OEA/Ser.L/V/II, Doc. 3 rev. 1, 26 febrero 2026. 1051 p.",CIDH,RELATÓRIO ANUAL,Documento institucional / Informe,Informe Anual; Liberdade de Expressão; Deepfakes;  Estados Unidos; Direitos das Mulheres.,"Uma seção do documento, no pár. 475 (p. 594), elogia a aprovação do ""Take Down Act"" pelos Estados Unidos. O ""Take Down Act"" é uma Lei Federal que autoriza a remoção imediata de conteúdos ofensivos ou violentos contra as mulheres, como os deepfakes não consensuais. Em que pese críticas quanto à abrangência ou indeterminação conceitual da referida lei, a CIDH avaliou positivamente a tentativa de regulação a nível federal. Veja-se: ""(...) 475. En relación con los derechos de las mujeres, la Comisión toma nota de la aprobación de la Ley de Herramientas para combatir la Explotación Conocida mediante la Inmovilización de Deepfakes Tecnológicos en Sitios Web y Redes, que prohíbe la distribución de imágenes íntimas sin consentimiento, incluidos los deepfakes creados por IA1087. Sin embargo, las organizaciones de la sociedad civil expresaron su preocupación por el lenguaje amplio y vago del proyecto de ley1088. Por el contrario, la Comisión observa con preocupación que el gobierno actual derogó varias medidas destinadas a proteger a las mujeres y otros grupos en situación de vulnerabilidad contra la discriminación en el lugar de trabajo, instituciones educativas y espacios de atención sanitaria. (...).""",Disponível em: <https://www.oas.org/es/cidh/docs/anual/2025/IA2025_SPA.pdf>.,https://www.oas.org/es/cidh/docs/anual/2025/IA2025_SPA.pdf
SI-007,Sistema Interamericano (SIDH),OUTROS DOCUMENTOS DO SIDH,"OEA. Combate à violência digital contra a mulher: um chamado por proteção. White Paper Series, publicação n° 7, p. 01-22, 2019.",OEA,RELATÓRIO,Documento institucional / Informe,Violência online contra mulheres; Deepfakes pornográficos; Convenção de Belém do Pará; Doxxing; Misoginia digital.,"O documento analisa a violência online contra mulheres como um fenômeno estrutural de direitos humanos no contexto da expansão da internet, sustentando que a esfera digital passou a integrar plenamente os espaços público e privado protegidos pela Convenção de Belém do Pará. O texto demonstra que as desigualdades de acesso, baixa alfabetização digital, exposição de dados pessoais e a fragilidade de mecanismos de segurança ampliam vulnerabilidades femininas no ambiente online. Em seguida, sistematiza diversas formas de violência digital, como cyberbullying, cyberstalking, cyber mobs, doxxing, roubo de identidade, pornografia não consensual, sextorsão, ameaças, assédio sexual e ataques reputacionais, destacando impactos psicológicos, silenciamento, exclusão democrática e restrição da liberdade de expressão de mulheres, em especial jornalistas e lideranças políticas. O relatório trata as deepfakes como uma nova arma de violência contra as mulheres, observando que tal tecnologia vem sendo usada para pornografia sintética sem consentimento e em ataques políticos, alertando para riscos sérios às eleições futuras. Relaciona, ainda, internet e interseccionalidade, ressaltando que mulheres negras, indígenas, LGBTQIA+, migrantes ou com deficiência podem sofrer formas agravadas de violência digital. No plano regional, cita respostas normativas e institucionais em países como Brasil, México, Bolívia, Argentina, Chile, Uruguai, Peru, Costa Rica, Equador e Honduras, incluindo legislação sobre divulgação não consentida de imagens íntimas, assédio político e unidades policiais especializadas. Por fim, propõe medidas práticas de proteção contra a misoginia digital, tais como criptografia, preservação de provas, denúncia às plataformas e governança da internet sob um enfoque de direitos humanos.",Disponível em: <https://www.oas.org/pt/ssm/cicte/docs/20191125-PORT-White-Paper-7-VIOLENCE-AGAINST-WOMEN.pdf>.,https://www.oas.org/pt/ssm/cicte/docs/20191125-PORT-White-Paper-7-VIOLENCE-AGAINST-WOMEN.pdf
SI-008,Sistema Interamericano (SIDH),OUTROS DOCUMENTOS DO SIDH,"OEA. Ley Modelo Interamericana para prevenir, sancionar y erradicar la violencia digital contra las mujeres baseada en género. Mecanismo de Seguimento de la Convención Belém do Pará (MESECVI). OEA/Ser.L/II/7.10, MESECVI/CEVI/doc.299/25. Vigesimosegunda Reunión del Comité de Expertas, 9 y 10 de diciembre 2025, Fortaleza, Brasil, 10 de diciembre de 2025.",OEA/MESECVI,LEGISLAÇÃO,Legislação,Violência digital de gênero; Deepfakes; Convenção de Belém do Pará; Plataformas digitais; Interseccionalidade.,"O documento apresenta uma Lei Modelo Interamericana sobre violência digital contra as mulheres, estruturada a partir dos parâmetros da Convenção de Belém do Pará, da perspectiva interseccional e dos desafios contemporâneos da internet. O texto reconhece que a digitalização da vida cotidiana, a concentração de poder em grandes plataformas privadas e o uso instrumental de tecnologias para vigiar, controlar, expor, assediar, silenciar ou prejudicar mulheres reproduzem e ampliam os padrões históricos de violência de gênero nas Américas. Sustenta que a violência digital não constitui um fenômeno isolado, mas sim continuidade das violências física, psicológica, sexual, econômica e política em ambientes conectados, com impactos sobre a dignidade, reputação, autonomia, segurança, liberdade de expressão e participação pública feminina. De modo expresso, inclui as deepfakes entre as formas contemporâneas de violência digital (ou violências tecnológicas contra mulheres), especialmente quando utilizadas para a pornografia sintética não consentida, difamação, chantagem, intimidação política ou silenciamento de mulheres jornalistas, ativistas e candidatas. A proposta normativa também impõe deveres estatais e responsabilidades a intermediários digitais, defendendo mecanismos céleres de denúncia, preservação de provas, remoção proporcional de conteúdos ilícitos, educação digital, apoio psicossocial às vítimas e cooperação transnacional. Acerca da Convenção de Belém do Pará e de sua interpretação evolutiva e progressiva empreendida pelo MESECVI, afirma Yasmin Curzi: “(...) Ainda que concebida antes da popularização da Internet, a Convenção tem sido interpretada por diversos órgãos do Sistema Interamericano como aplicável à violência baseada em gênero ocorrida no ambiente digital ou por ele facilitada. Assim, o Mecanismo de Acompanhamento da Convenção (MESECVI) tem realizado uma atualização hermenêutica da Convenção para abarcar as novas modalidades de violência de gênero. (...) A interpretação evolutiva da Convenção Americana e da Convenção Belém do Pará pela Comissão Interamericana tem afirmado que a violência baseada em gênero, incluindo o ambiente digital, constitui uma forma de discriminação que os Estados têm o dever de combater ativamente. Seguindo a interpretação da Comissão, portanto, os Estados devem atuar com a mesma diligência na proteção das mulheres no espaço digital como no “mundo offline”, adotando políticas públicas e medidas legislativas e judiciais para prevenir tais violações e punir os responsáveis, conforme exigido pelos padrões interamericanos de direitos humanos. (...).” (Curzi, 2026, p. 50-53.)",Disponível em: <https://www.oas.org/es/mesecvi/docs/Ley%20Modelo%20Interamericana%20Violencia%20Digital%20contra%20Mujeress.pdf>.,https://www.oas.org/es/mesecvi/docs/Ley%20Modelo%20Interamericana%20Violencia%20Digital%20contra%20Mujeress.pdf
ON-001,ONU / UNICEF / União Europeia,"INFORMES, DOCUMENTOS E COMUNICADOS DE IMPRENSA","UNITED NATIONS. UN experts: Safeguard human freedoms from systematic digital interference, surveillance and chilling effects on civic space. Joint Statement, Geneva, 27 April 2026.",NAÇÕES UNIDAS,COMUNICADO DE IMPRENSA,Documento institucional / Informe,Vigilância Digital; Inteligência Artificial; Espaço Cívico; Deepfakes; Defensoras de Direitos Humanos.,"Trata-se de declaração conjunta de quatro Relatores Especiais/peritos independentes do Conselho de Direitos Humanos da ONU (Relatoria sobre Liberdade de Reunião Pacífica e Associação, sobre Direitos Humanos no Combate ao Terrorismo, sobre Defensores de Direitos Humanos e sobre Direito à Privacidade), alertando para a normalização global de tecnologias de vigilância digital intrusivas e seus efeitos inibidores (""chilling effect"") sobre o espaço cívico, a liberdade de reunião, associação e expressão política. O documento situa a Inteligência Artificial como fator multiplicador dos riscos de vigilância, em especial por sua capacidade de coletar, integrar e analisar volumes massivos de dados, permitindo perfilamento intrusivo, identificação biométrica remota e rastreamento em escala inédita, defendendo a adoção de instrumento internacional vinculante sobre tecnologias de vigilância digital, avaliações de impacto em direitos humanos ao longo de todo o ciclo de vida da tecnologia, transparência e explicabilidade algorítmica, controle humano significativo e mecanismos de supervisão independente e reparação. A repercussão sobre deepfakes é pontual, mas expressa: o texto insere as deepfakes no rol de táticas de vigilância e ataque digital dirigidas especificamente contra mulheres e ativistas marginalizados, ao lado de ataques sexualizados e doxxing, com o propósito de forçar sua retirada da vida pública. Assim, o documento associa o fenômeno não a uma modalidade autônoma de dano, mas a um instrumento dentro de um ecossistema mais amplo de vigilância e repressão digital de vozes dissidentes.",Disponível em: <https://www.ohchr.org/sites/default/files/statements/20260427-safeguard-hr-freed-syst-digi-inter-surv-chill-civic-space-sr-freedom-peaceful-en.pdf>.,https://www.ohchr.org/sites/default/files/statements/20260427-safeguard-hr-freed-syst-digi-inter-surv-chill-civic-space-sr-freedom-peaceful-en.pdf
ON-002,ONU / UNICEF / União Europeia,"INFORMES, DOCUMENTOS E COMUNICADOS DE IMPRENSA","UNICEF. Deepfake abuse is abuse. Statement, New York, 04 February 2026.",UNICEF,COMUNICADO DE IMPRENSA,Documento institucional / Informe,Crianças e Adolescentes; Deepfakes; Abuso Sexual Infantil; Conteúdo Sintético; Safety by Design.,"Trata-se de declaração institucional da UNICEF que alerta para o crescimento acelerado de imagens sexualizadas de crianças geradas ou manipuladas por IA, incluindo a prática da chamada ""nudification"" (uso de ferramentas de IA para remover ou alterar vestimentas em fotografias reais, criando conteúdo nu ou sexualizado fabricado). O documento apoia-se em estudo conjunto do UNICEF, INTERPOL e ECPAT International, realizado em onze países no âmbito da segunda fase do projeto ""Disrupting Harm"", segundo o qual ao menos 1,2 milhão de crianças relataram ter tido suas imagens manipuladas em deepfakes sexualmente explícitos no último ano, em proporção equivalente a uma em cada vinte e cinco crianças em alguns países. A tese nuclear da Declaração é a equiparação categórica entre o conceito de deepfake sexualizado de criança e o conceito de material de abuso sexual infantil (CSAM), rejeitando-se qualquer atenuação no tratamento do conteúdo sintético como categorização dos seus danos enquanto ""menos reais"". A partir dessa premissa, a UNICEF formula recomendações diretas: que todos os governos ampliem as definições legais de CSAM para abarcar expressamente conteúdo gerado por IA, criminalizando sua criação, obtenção, posse e distribuição; que desenvolvedores de IA implementem medidas de ""safety-by-design"" e salvaguardas robustas contra uso indevido dos modelos; e que plataformas digitais atuem preventivamente para não apenas remover reativamente tais materiais, mas também impedir a sua circulação, investindo em tecnologias de detecção que permitam remoção imediata, independentemente de notificação da vítima.",Disponível em: <https://www.unicef.org/press-releases/deepfake-abuse-is-abuse>.,https://www.unicef.org/press-releases/deepfake-abuse-is-abuse
ON-003,ONU / UNICEF / União Europeia,"INFORMES, DOCUMENTOS E COMUNICADOS DE IMPRENSA","UNICEF. Guidance on AI and Children 3.0. Updated guidance for governments and businesses to create AI policies and systems that uphold children’s rights. UNICEF Innocenti - Global Office of Research and Foresight, Florence, December 2025.",UNICEF,DOCUMENTO,Documento institucional / Informe,Crianças e Adolescentes; Safety by Design; Deepfakes Sexuais; Abuso Sexual; Avaliações de Impacto sobre os Direitos da Criança.,"Trata-se da terceira edição das diretrizes da UNICEF sobre Inteligência Artificial e crianças. A publicação aborda os impactos dos sistemas de IA sobre os direitos das crianças ao longo do ciclo de vida tecnológico, incluindo recomendações sobre segurança by design para modelos de IA generativa, pré-avaliação de segurança para modelos de código aberto e salvaguardas específicas contra a criação de deepfakes sexuais e material de abuso sexual infantil (CSAM). O documento apresenta dez requisitos operacionais para uma ""IA centrada na criança"" (desde marcos regulatórios e avaliações de impacto até transparência, não discriminação, sustentabilidade ambiental e capacitação) e sua atualização em relação à versão de 2021 é motivada, entre outros fatores, justamente pelo crescimento de CSAM gerado por IA e de imagens íntimas não consensuais (NCII). A repercussão sobre deepfakes é central e recorrente ao longo do texto: o documento trata deepfakes explícitos como um dano concreto já em curso, distinto de riscos meramente especulativos, situando-os tanto no contexto de exploração sexual infantil (inclusive por meio de aplicativos de ""nudificação"" e da extorsão sexual, ou ""sextortion"") facilitada por conteúdo sintético, quanto no de desinformação e manipulação política. Entre as recomendações específicas, insta Estados a criminalizar a criação, obtenção, posse e distribuição de deepfakes sexualizados e a exigir testes de segurança prévios ao lançamento de modelos de código aberto. Recomenda, ainda, que empresas de IA adotem watermarking (marcação d'água) de mídias sintéticas e desenvolvam padrões abertos de proveniência e autenticidade de conteúdo, além de reforçar mecanismos de denúncia, reparação e apoio às vítimas. O documento também situa deepfakes de voz sintética entre os golpes que exploram a vulnerabilidade cognitiva infantil, reforçando a necessidade de avaliações de impacto sobre direitos da criança (child rights impact assessments) ao longo de todo o ciclo de vida da IA.",Disponível em: <https://www.unicef.org/innocenti/media/11991/file/UNICEF-Innocenti-Guidance-on-AI-and-Children-3-2025.pdf>.,https://www.unicef.org/innocenti/media/11991/file/UNICEF-Innocenti-Guidance-on-AI-and-Children-3-2025.pdf
ON-004,ONU / UNICEF / União Europeia,"INFORMES, DOCUMENTOS E COMUNICADOS DE IMPRENSA",INTERNATIONAL TELECOMMUNICATION UNION (ITU) et al. Joint Statement on Artificial Intelligence and the Rights of the Child. 19 January 2026.,ITU,DOCUMENTO,Documento institucional / Informe,Crianças e Adolescentes; Exploração Sexual Infantil Online; Inteligência Artificial; Mecanismos de Reparação; Responsabilidade Civil.,"Trata-se de declaração conjunta assinada por múltiplos organismos vinculados às Nações Unidas - incluindo a ITU, o Comitê dos Direitos da Criança, a UNICEF, a OIT, a UNESCO, a UNICRI, o UNODA e o ACNUDH -, convocando Estados, empresas e organizações internacionais a garantir que a IA seja desenhada, desenvolvida, implantada e governada de modo a respeitar, proteger e promover os direitos das crianças. No campo da segurança infantil, o documento elenca explicitamente os deepfakes entre os conteúdos prejudiciais gerados por IA que os Estados devem prevenir e combater, ao lado de discurso de ódio, material de abuso sexual infantil e demais conteúdos que promovam exploração. Recomenda que os Estados criminalizem, investiguem e punam os autores de todas as formas de abuso e exploração sexual infantil online cometidas com o suporte de sistemas de IA, incluindo aquelas relacionadas a material de abuso sexual infantil. A declaração também aborda temas como proteção de dados das crianças, não discriminação e garantia de acesso a mecanismos de reparação adequados para violações decorrentes de sistemas de IA. São formulados onze (11) eixos de recomendações para uma governança de IA baseada em direitos da criança, fundamentada na Convenção sobre os Direitos da Criança e no Comentário Geral nº 25/2021 sobre os Direitos das Crianças em relação ao ambiente digital (ONU). A Declaração também recomenda que Estados estabeleçam responsabilidade civil, administrativa e penal proporcional à gravidade da conduta para pessoas físicas e jurídicas que causem dano a crianças por meio de sistemas de IA (deepfakes), bem como que empresas realizem auditorias e avaliações de impacto sobre direitos da criança, incorporando testes adversariais e filtros de segurança contra conteúdo sintético lesivo. Trata-se, portanto, de instrumento de natureza programática, interpretativa e interinstitucional, consolidando o consenso de múltiplos órgãos da ONU.",Disponível em: <https://www.itu.int/dms_pub/itu-d/opb/str/D-STR-CYB_JOINT-2025-PDF-E.pdf>.,https://www.itu.int/dms_pub/itu-d/opb/str/D-STR-CYB_JOINT-2025-PDF-E.pdf
ON-005,ONU / UNICEF / União Europeia,"INFORMES, DOCUMENTOS E COMUNICADOS DE IMPRENSA","UNICEF; UNITED NATIONS CHILDREN’S FUND. Artificial Intelligence and Child Sexual Abuse and Exploitation. Issue Brief, February 2026.",UNICEF,DOCUMENTO,Documento institucional / Informe,Crianças e Adolescentes; Abuso Sexual Infantil; Deepfakes; Deepfakes Peer-to-Peer; CSAM.,"O documento examina como as ferramentas generativas de IA estão criando novas ameaças ao direito das crianças à proteção contra abuso e exploração sexual, analisando riscos emergentes e delineando prioridades urgentes de ação. Verifica-se que, em menos de cinco (5) anos, modelos de alta qualidade tornaram-se acessíveis em hardwares domésticos, facilitando diretamente a criação de conteúdo de abuso sexual infantil por perpetradores. Os deepfakes ""nus"" gerados em contextos entre pares, com frequência desproporcionalmente direcionados a meninas, são expressamente identificados, com dados da Coreia do Sul reportando um aumento dez vezes maior em crimes sexuais envolvendo IA e deepfakes entre 2022 e 2024, cujos acusados consistem, em maioria, adolescentes. Nesse sentido, pesquisa da UNICEF, ECPAT e Interpol em onze (11) países revelou que ao menos 1.2 milhão de crianças relataram ter tido suas imagens manipuladas em deepfakes sexualmente explícitos por ferramentas de IA no período de um ano. O documento demanda ação legislativa urgente e atualização das definições penais de CSAM (sigla para Child Sexual Abuse Material, ou ""Material de Abuso Sexual Infantil"") para abranger material gerado por IA, bem como sanções civis, administrativas e penais para pessoas jurídicas, avaliações de impacto sobre os direitos das crianças e testes de segurança pré-lançamento para modelos de código aberto. Também se chama atenção para uma modalidade específica de deepfakes: aqueles produzidos entre pares (denominados enquanto ""peer-to-peer""), majoritariamente por outros adolescentes contra colegas meninas, distinguindo tal fenômeno da produção de deepfakes por adultos ofensores.",Disponível em: <https://www.unicef.org/media/178571/file/UNICEF%20AI%20CSEA%20Brief_2.pdf>.,https://www.unicef.org/media/178571/file/UNICEF%20AI%20CSEA%20Brief_2.pdf
ON-006,ONU / UNICEF / União Europeia,"INFORMES, DOCUMENTOS E COMUNICADOS DE IMPRENSA","UNICEF. UNITED NATIONS CHILDREN’S FUND. Artificial Intelligence Governance in Motion: A rapid global review of AI regulation and its implications for children’s rights. New York, October 2025.",UNICEF,DOCUMENTO,Documento institucional / Informe,Crianças e Adolescentes; Deepfakes; Estado da Arte; Regulação Comparada; Lacunas Regulatórias.,"Trata-se de publicação, encomendada pela UNICEF, que monitora o ""estado da arte"" da governança global de IA sob a perspectiva dos direitos das crianças, mapeando desenvolvimentos regulatórios e de política em múltiplos países e regiões. O relatório analisa como os marcos normativos emergentes, incluindo o AI Act da União Europeia e instrumentos de outras regiões, incorporam (ou deixam de incorporar) proteções específicas para crianças, com menção ao tratamento de deepfakes e conteúdo gerado por IA como categoria de risco particularmente relevante para crianças e adolescentes. O documento trabalha com dois eixos: (i) panorama de oito instrumentos internacionais e regionais (quais sejam: Princípios da OCDE e do G20, Declaração de Santiago, Resolução da AGNU, Convenção-Quadro do Conselho da Europa, Estratégia Continental da União Africana, Pacto Digital Global e Guia da ASEAN), constatando que três deles não fazem qualquer menção explícita a crianças ou grupos vulneráveis; e (ii) estudo comparado de quatro jurisdições nacionais representativas de modelos regulatórios distintos, quais sejam: União Europeia (abordagem horizontal baseada em risco, o AI Act), China (abordagem vertical de gestão estatal), Reino Unido (uso de arcabouços setoriais preexistentes) e Índia (desenvolvimento conduzido pelo governo com regulação mínima). A repercussão sobre deepfakes surge com mais nitidez na análise da China, cujo Regulamento de 2022 sobre Serviços de Síntese Profunda (Deep Synthesis) exige a rotulagem obrigatória de conteúdo sinteticamente gerado que possa causar confusão ou induzir o público a erro, incluindo aplicações de simulação de pessoas naturais e de troca de rosto (""face-swapping""), associada a exigência de registro em nome real dos usuários e a requisitos de conteúdo alinhados à ""orientação política correta"". Já no exame do Reino Unido, o documento observa criticamente que, apesar do ""Online Safety Act"" e o ""Age-Appropriate Design Code"" protegerem crianças de danos online, nenhum dos dois enfrenta de modo específico os riscos próprios da IA, citando expressamente deepfakes enquanto uma lacuna regulatória, ainda que mencione que o país foi um dos primeiros a criar tipos penais específicos de abuso sexual assistido por IA contra crianças. O documento conclui pela inexistência, em qualquer das jurisdições examinadas, de avaliação abrangente do impacto de tecnologias de IA sobre o desenvolvimento infantil, recomendando monitoramento contínuo diante de um cenário regulatório ""em movimento"".",Disponível em: <https://www.unicef.org/media/175006/file/AI%20governance%20in%20motion_FINAL.pdf.pdf>.,https://www.unicef.org/media/175006/file/AI%20governance%20in%20motion_FINAL.pdf.pdf
ON-007,ONU / UNICEF / União Europeia,"INFORMES, DOCUMENTOS E COMUNICADOS DE IMPRENSA","UNICEF; UNFPA; SAVE THE CHILDREN. Technology-facilitated genderbased violence: Considerations across the life course, 2025.",UNICEF,DOCUMENTO,Documento institucional / Informe,Crianças e Adolescentes; Deepfakes; Perspectiva de Gênero; Violência de Gênero Facilitada por Tecnologia (TFGBV); Abuso Baseado em Imagem (image-based abuse).,"Trata-se de publicação interagencial (UNFPA, Save the Children e UNICEF) que examina a violência de gênero facilitada por tecnologia (em sua sigla conhecida como ""TFGBV"") em perspectiva longitudinal, analisando como diferentes tecnologias, incluindo deepfakes, os quais operam enquanto instrumentos de violência ao longo das diferentes fases da vida de mulheres e meninas. O documento aborda o impacto desproporcional e específico dessas formas de violência sobre grupos vulneráveis e propõe marcos de resposta integrada que envolvam serviços de saúde, sistemas de justiça e plataformas digitais, desde uma perspectiva de gênero. Expõem-se três mensagens centrais: (i) a TFGBV manifesta-se de modo distinto em cada estágio da vida, com formas específicas e sobrepostas moldadas por opressões e discriminações interseccionais; (ii) os arcabouços de proteção à infância, fundados no critério do ""melhor interesse"", não foram concebidos para mulheres adultas e não devem ser transpostos a elas, sob pena de fragilizar sua autonomia e reforçar dinâmicas paternalistas; e (iii) não obstante tal distinção normativa, há sinergias relevantes entre o combate à TFGBV contra mulheres e à violência tecnologicamente facilitada contra crianças, que devem ser aproveitadas em pesquisa, política e programas. O documento apresenta um quadro ilustrativo mapeando formas de TFGBV por faixa etária, situando a criação e distribuição de material de abuso sexual infantil, o aliciamento online e o casamento infantil tecnologicamente facilitado como fenômenos mais associados à infância e adolescência, enquanto o assédio no ambiente de trabalho e a violência por parceiro íntimo predominam na vida adulta, e a exploração financeira e o controle coercitivo por cuidadores atingem desproporcionalmente mulheres idosas. No mais, foram classificadas as deepfakes geradas por IA, ao lado de outros fenômenos, tais quais o cyberstalking, doxxing e assédio coordenado, como formas de ""abuso baseado em imagem"" (image-based abuse) que atravessam transversalmente todas as faixas etárias. O texto recomenda a reforma de leis desatualizadas, excessivamente punitivas ou ambíguas que possam criminalizar as próprias vítimas de TFGBV.",Disponível em: <https://www.unicef.org/media/176181/file/TFGBV%20across%20the%20life%20course_FINAL.pdf.pdf>.,https://www.unicef.org/media/176181/file/TFGBV%20across%20the%20life%20course_FINAL.pdf.pdf
ON-008,ONU / UNICEF / União Europeia,"INFORMES, DOCUMENTOS E COMUNICADOS DE IMPRENSA","UN WOMEN; SEXUAL VIOLENCE RESEARCH INITIATIVE (SVRI). Global Trends to Prevent and Respond to Technology-Facilitated Violence against Women and Girls: A Compendium of Emerging Practices. New York, 2025.",UNICEF,DOCUMENTO,Documento institucional / Informe,Deepfakes; Violência contra Mulheres e Meninas Facilitada pela Tecnologia (TF VAWG); Legislação Comparada; Estado da Arte; Perspectiva de Gênero.,"Trata-se de Compêndio elaborado pela Seção de Combate à Violência contra Mulheres e Meninas da ONU Mulheres, em colaboração com a ""Sexual Violence Research Initiative"" (SVRI), que sistematiza práticas emergentes de governos, sociedade civil e empresas de tecnologia para prevenir e responder à violência tecnologicamente facilitada contra mulheres e meninas (na sigla ""TF VAWG"" - Technology-Facilitated Violence Against Women and Girls, na tradução ""Violência contra Mulheres e Meninas Facilitada pela Tecnologia""), organizado em cinco eixos: marcos normativos, medidas legislativas, prevenção, mecanismos de resposta e caminhos futuros. O documento traça uma linha do tempo normativa da ONU (da Recomendação Geral nº 35 da CEDAW, de 2017, até a Resolução 79/152 da AGNU, de 2024, sobre violência digital) e mapeia iniciativas regionais (p. ex., Convenção da União Africana de 2025, Diretiva (UE) n° 2024/1385, Convenção de Belém do Pará/OEA). As deepfakes são incluídas na definição estrutural de ""TF VAWG"", bem como citados exemplos legislativos que tipificam expressamente a conduta, tais como: a ""Lei Olímpia"" na Argentina (2023), que inclui deepfakes na definição ampla de violência digital; a ""Lei Rose Leonel"" no Brasil (Lei nº 13.772/2018), aplicável a casos de manipulação por deepfake de conteúdo íntimo; e o ""Take It Down Act"" dos EUA (2025), que criminaliza tanto imagens íntimas reais, quanto deepfakes não consensuais geradas por IA, impondo às plataformas prazo de 48 horas para remoção destes conteúdos. Descreve, ainda, iniciativas de resposta tecnológica, como o ""Centro Nacional de Resposta a Crimes Sexuais Digitais"" da Coreia do Sul, o qual emprega IA para identificar proativamente conteúdo não consensual real ou deepfakes, e destaca, dentre as lacunas identificadas, o financiamento insuficiente para pesquisa sobre lacunas probatórias relacionadas à IA generativa. Ao final, o documento recomenda a adoção de definição global harmonizada que perpasse a ""TF VAWG"" e a operacionalização de marcos legais.",Disponível em: <https://www.unwomen.org/sites/default/files/2025-12/global-trends-to-prevent-and-respond-to-technology-facilitated-violence-against-women-and-girls-en.pdf>.,https://www.unwomen.org/sites/default/files/2025-12/global-trends-to-prevent-and-respond-to-technology-facilitated-violence-against-women-and-girls-en.pdf
ON-009,ONU / UNICEF / União Europeia,"INFORMES, DOCUMENTOS E COMUNICADOS DE IMPRENSA","UN WOMEN. Digital violence is intensifying, yet nearly half of the world’s women and girls lack legal protection from digital abuse. UN Women’s 16 Days of Activism campaign demands a world where technology is a force for equality - not harm. Press Release, 18 November 2025.",ONU MULHERES,COMUNICADO DE IMPRENSA,Documento institucional / Informe,Deepfakes; Violência Digital de Gênero; Lacunas Regulatórias; Legislação Comparada; Violência Política de Gênero.,"Trata-de de Comunicado de lançamento, pela ONU Mulheres, da campanha ""16 Days of Activism"", de 2025, dedicada ao combate à violência digital contra mulheres e meninas. O Comunicado apresenta que, segundo levantamento do Banco Mundial, menos de 40% dos países detém leis de proteção contra assédio ou perseguição cibernética, deixando 44% das mulheres e meninas do mundo (1,8 bilhão de pessoas) sem proteção legal. Em seu texto, o comunicado inclui as deepfakes no rol de manifestações de violência digital ""armadas"" para silenciar, envergonhar e intimidar mulheres e meninas, ao lado de outros subterfúgios, tais como o assédio online, perseguição cibernética, doxxing, compartilhamento não consensual de imagens e desinformação, destacando que mulheres em posições de liderança, nos negócios e na política enfrentam deepfakes, assédio coordenado e desinformação de gênero deliberadamente concebidos para forçar sua saída da vida pública. Ainda, o texto atribui a intensificação do fenômeno à convergência entre Inteligência Artificial, anonimato e ausência de legislação eficaz. No entanto, cita como sinais de progresso normativo o ""Online Safety Act"" do Reino Unido, a ""Lei Olímpia"" do México (conjunto de reformas legislativas no México) e o ""Digital Services Act"" da União Europeia. Destarte, a ONU Mulheres formula um chamado à cooperação global para que plataformas digitais e ferramentas de IA atendam a padrões de segurança e ética.",Disponível em: <https://www.unwomen.org/en/news-stories/press-release/2025/11/digital-violence-is-intensifying-yet-nearly-half-of-the-worlds-women-and-girls-lack-legal-protection-from-digital-abuse>.,https://www.unwomen.org/en/news-stories/press-release/2025/11/digital-violence-is-intensifying-yet-nearly-half-of-the-worlds-women-and-girls-lack-legal-protection-from-digital-abuse
ON-010,ONU / UNICEF / União Europeia,"INFORMES, DOCUMENTOS E COMUNICADOS DE IMPRENSA","UNITED NATIONS. Guide for the thematic discussion on addressing new, emerging and evolving forms of crime, including crimes that affect the environment, smuggling of commercial goods and trafficking in cultural property and other crimes targeting cultural property. E/CN.15/2025/7. Economic and Social Council, Commission on Crime Prevention and Criminal Justice, 14 March 2025.",NAÇÕES UNIDAS,DOCUMENTO,Documento institucional / Informe,Deepfakes; Cibercrime; Fraude Organizada; Deepfake Impersonations; Cooperação Jurídica Internacional.,"Trata-se de Nota do Secretariado preparada para a 34ª sessão da Comissão de Prevenção ao Crime e Justiça Penal (Viena, maio de 2025), destinada a subsidiar debate temático sobre formas novas e emergentes de criminalidade, com foco em crimes ambientais, contrabando de mercadorias, tráfico de bens culturais, fraude organizada e cibercrime. O documento insere expressamente as deepfakes no panorama de ferramentas empregadas por organizações criminosas transnacionais. O texto descreve o uso de tecnologias de deepfake e Inteligência Artificial para criar imagens, vídeos e conversas verossímeis capazes de manipular vítimas, bem como para produzir personificações fraudulentas de figuras públicas (""deepfake impersonations"") utilizadas em golpes financeiros e falsos endossos, associando tal fenômeno à ascensão dos grandes modelos de linguagem como fator de redução da barreira técnica de entrada para criminosos e de aumento da sofisticação de esquemas de fraude e ransomware. Cita, ainda, o uso de IA generativa na produção de material de abuso sexual infantil e de imagens íntimas não consensuais como desafio persistente à detecção pelas autoridades. Em contrapartida, o documento também aponta a IA como ferramenta de enfrentamento e detecção de deepfakes e outras ameaças cibernéticas. Por fim, formula perguntas norteadoras aos Estados-membros sobre se a IA representa mais ameaça ou oportunidade para os sistemas de justiça criminal.",Disponível em: <https://documents.un.org/doc/undoc/gen/v25/018/25/pdf/v2501825.pdf>.,https://documents.un.org/doc/undoc/gen/v25/018/25/pdf/v2501825.pdf
ON-011,ONU / UNICEF / União Europeia,"INFORMES, DOCUMENTOS E COMUNICADOS DE IMPRENSA","UNITED NATIONS. Programmes and interventions on population, technology and research in the context of sustainable development. E/CN.9/2026/3. Economic and Social Council, Commission on Population and Development, 21 January 2026.",NAÇÕES UNIDAS,DOCUMENTO,Documento institucional / Informe,Deepfakes; Desigualdade digital; Violência de Gênero Facilitada por Tecnologia; Watermarking; Fomento à Pesquisa.,"O relatório insere-se na 59ª sessão da Comissão de População e Desenvolvimento da ONU e articula tendências demográficas, tecnologia e pesquisa científica à luz da Agenda 2030 e do Programa de Ação da CIPD (1994), com ênfase na necessidade de se promover a governança de dados e da IA alinhada às obrigações de direitos humanos e ao Global Digital Compact. Ao tratar dos riscos da IA (seção II.D, ""Risks and accountability""), o documento aborda as deepfakes enquanto uma subcategoria da ""violência de gênero facilitada por tecnologia"", ao lado de coerção digital, cyberstalking, doxxing, cyberflashing e sextortion. Nesse sentido, cita estudo de 2023 segundo o qual a pornografia deepfake representaria 98% de todos os vídeos deepfake disponíveis online, com vítimas majoritariamente meninas e jovens cujas imagens são ""desnudadas"" digitalmente sem consentimento, associando a exposição destas vítimas a esse tipo de conteúdo ao isolamento social, à perda de confiança e à ideação suicida. O relatório situa as deepfakes num quadro mais amplo de déficit regulatório, pois poucos países adotaram modelagem de ameaças, avaliações de impacto ou exigências de marca d'água (watermarking) para conteúdo sintético. Deste modo, recomenda avaliações de impacto de produtos digitais, auditoria independente de sistemas automatizados e fortalecimento de capacidades estatísticas e de fomento à pesquisa em países de baixa e média renda.",Disponível em: <https://documents.un.org/doc/undoc/gen/n26/011/34/pdf/n2601134.pdf>.,https://documents.un.org/doc/undoc/gen/n26/011/34/pdf/n2601134.pdf
ON-012,ONU / UNICEF / União Europeia,"INFORMES, DOCUMENTOS E COMUNICADOS DE IMPRENSA","UNITED NATIONS. Intensification of efforts to eliminate all forms of violence against women and girls: technology-facilitated violence against women and girls. A/79/500. General Assembly, 8 October 2024.",ASSEMBLEIA GERAL DAS NAÇÕES UNIDAS,RESOLUÇÃO,Resolução / Portaria,Deepfakes; Violência de Gênero Digital; Devida Diligência Estatal; Legislação Comparada; Reparação.,"Trata-se de relatório submetido nos termos da Resolução n° 77/193 da Assembleia Geral da ONU, que examina o fenômeno da violência de gênero facilitada por tecnologia (""technology-facilitated violence against women and girls""), consolidando informações de Estados-membros e de entidades do sistema ONU acerca de tendências, boas práticas e recomendações normativas. O documento situa a IA generativa enquanto um fator de intensificação da violência de gênero online, em razão de sua escala, automação e verossimilhança da desinformação produzida. No que toca especificamente às deepfakes, o relatório é particularmente denso: caracteriza a ""pornografia deepfake não consensual"" como manifestação central do ""image-based abuse""; cita dados da empresa ""Sensity AI"" segundo o qual entre 90% e 95% dos deepfakes online são pornográficos não consensuais, dos quais cerca de 90% vitimizam mulheres; aborda a prática de ""sextortion"" via deepfakes; discute os ""compositional deepfakes"" como ameaça emergente; e analisa respostas regulatórias comparadas, tais como o ""Online Safety Act"" do Reino Unido (2023), legislação que criminaliza o compartilhamento de imagens manipuladas somente quando há intenção comprovada de causar aflição (sem proibir a própria criação do deepfake), contrastando com o ""AI Act"" da União Europeia, que impõe obrigações de transparência e rotulagem de conteúdo sintético gerado por IA. O relatório recomenda a criminalização explícita da produção e distribuição de deepfakes, o desenvolvimento de padrões internacionais de responsabilização de plataformas e geradores de conteúdo, bem como eventuais mecanismos de reparação para vítimas diretamente afetadas.",Disponível em: <https://documents.un.org/doc/undoc/gen/n24/288/14/pdf/n2428814.pdf>.,https://documents.un.org/doc/undoc/gen/n24/288/14/pdf/n2428814.pdf
ON-013,ONU / UNICEF / União Europeia,"INFORMES, DOCUMENTOS E COMUNICADOS DE IMPRENSA","UNITED NATIONS. Report of the Independent Expert on human rights and international solidarity, Cecilia M. Bailliet. Artificial intelligence and international solidarity - towards human-centred artificial intelligence international solidarity by design. A/79/170, General Assembly, 17 July 2024.",ASSEMBLEIA GERAL DAS NAÇÕES UNIDAS,INFORME - RELATORIA ESPECIAL DA ONU,Documento institucional / Informe,Solidariedade Internacional; Governança de IA; Deepfakes Eleitorais; Perspectiva de Gênero; Devida Diligência.,"Trata-se do primeiro relatório da Perita Independente à Assembleia Geral da ONU, dedicado a articular uma abordagem de ""IA internacional solidária by design"", tratando de transparência, equidade, não discriminação e inclusão como critérios de governança de IA. O documento revisa iniciativas nacionais e regionais (UE, OCDE, Conselho da Europa, União Africana, Arábia Saudita, etc.), discute temas tais como vieses algorítmicos, discriminação em contextos migratórios e de saúde, solidariedade de gênero e trabalhista, além de mecanismos de devida diligência e reclamação corporativa, concluindo com recomendações a Estados, empresas, sociedade civil e ONU. Especificamente na seção acerca de ""solidariedade para alfabetização digital contra a desinformação"" (§26-§29), o relatório relaciona deepfakes eleitorais/étnicos à necessidade de estratégia de solidariedade internacional, bem como cita o ""anti-deepfake agreement"" assinado por empresas de tecnologia para combater interferência eleitoral (§27, nota 109) e o art. 50(4) do AI Act da UE, o qual impõe a obrigação de divulgação de conteúdo gerado por IA (com ressalva quanto às exceções que fragilizam sua efetividade). Em suas recomendações finais (§57, alínea ""q""), propõe-se expressamente que Estados e empresas proíbam a criação de deepfakes íntimos sintéticos ou manipulados e não consensuais, em conformidade com uma abordagem de solidariedade internacional em IA sensível a gênero.",Disponível em: <https://documents.un.org/doc/undoc/gen/n24/212/06/pdf/n2421206.pdf>.,https://documents.un.org/doc/undoc/gen/n24/212/06/pdf/n2421206.pdf
ON-014,ONU / UNICEF / União Europeia,"INFORMES, DOCUMENTOS E COMUNICADOS DE IMPRENSA","UNITED NATIONS. Practical application of the Guiding Principles on Business and Human Rights to the activities of technology companies, including activities relating to artificial intelligence. A/HRC/59/32, General Assembly, Human Rights Council, Report of the Office of the United Nations High Commissioner for Human Rights, 16 June 2025.",ASSEMBLEIA GERAL DAS NAÇÕES UNIDAS,INFORME - RELATORIA ESPECIAL DA ONU,Documento institucional / Informe,"Deepfakes; Princípios Orientadores sobre Empresas e Direitos Humanos (""Princípios Ruggie""); Devida Diligência em Direitos Humanos; Subnotificações; Legislação Comparada.","Trata-se de Relatório elaborado pelo Escritório do Alto Comissariado das Nações Unidas para os Direitos Humanos (ACNUDH), submetido conforme a resolução n° 53/29 do Conselho de Direitos Humanos, que examina a aplicação prática dos Princípios Orientadores sobre Empresas e Direitos Humanos (""Princípios Ruggie"") às atividades de empresas de tecnologia, com foco em IA. O documento estrutura-se em torno dos três pilares dos Princípios Orientadores (quais sejam: dever estatal de proteção, responsabilidade corporativa de respeito e acesso a reparação), analisando a devida diligência (due diligence) em direitos humanos ao longo do ciclo de vida da IA, desenvolvimentos regulatórios comparados (p.ex., AI Act da UE, legislação da Coreia do Sul, PL nº 22.338/2023 do Brasil, etc.) e o papel de investidores na promoção de condutas responsáveis. Na seção III, dedicada aos direitos de mulheres e meninas, o relatório afirma que mulheres e meninas estão particularmente expostas a danos relacionados à IA, incluindo violência de gênero na forma de perseguição, assédio sexual e exploração, destacando ainda que deepfakes gerados por IA frequentemente têm mulheres como alvo, visando assediar, intimidar e danificar reputações, com a facilidade de criação e distribuição escalando o alcance do abuso. Tal fenômeno, segundo o Relatório da ACNUDH, é agravado pela subnotificação, decorrente da baixa conscientização sobre mecanismos de denúncia e da inadequação dos marcos legais. Como boas práticas corporativas, são citadas iniciativas de motores de busca para reduzir conteúdo deepfake íntimo não consensual nos resultados de pesquisa e tecnologias de hashing on-device para bloquear a distribuição de imagens íntimas não consensuais entre plataformas participantes. Nas recomendações finais, propõe-se ao Conselho de Direitos Humanos da ONU apoiar o desenvolvimento de diretrizes específicas sobre os impactos do ciclo de vida da IA sobre mulheres e meninas.",Disponível em: <https://documents.un.org/doc/undoc/gen/g25/074/67/pdf/g2507467.pdf>.,https://documents.un.org/doc/undoc/gen/g25/074/67/pdf/g2507467.pdf
ON-015,ONU / UNICEF / União Europeia,"INFORMES, DOCUMENTOS E COMUNICADOS DE IMPRENSA","UNITED NATIONS. Resolution adopted by the General Assembly on 15 December 2025: Violence against women migrant workers. A/RES/80/185, General Assembly, 22 December 2025.",ASSEMBLEIA GERAL DAS NAÇÕES UNIDAS,RESOLUÇÃO,Resolução / Portaria,Deepfakes; Tráfico Transnacional de Pessoas; Trabalhadoras Migrantes; Exploração Sexual Digital; Governança Migratória de Gênero.,"Trata-se de Resolução da 80ª sessão da Assembleia Geral da ONU sobre a violência contra mulheres trabalhadoras migrantes, que reafirma o arcabouço normativo prévio (CEDAW, Convenção sobre os Direitos da Criança, Pacto Global para Migração Segura, Ordenada e Regular, etc.) e enumera medidas recomendadas aos Estados para a prevenção, proteção e reparação em contextos de exploração laboral, tráfico de pessoas e violência de gênero contra migrantes, com atenção especial a trabalhadoras domésticas e de cuidado em situação de informalidade. A resolução incorpora explicitamente a tecnologia deepfake como vetor de violência associado ao tráfico de pessoas: reconhece, nos parágrafos preambulares, que traficantes frequentemente usam tecnologia (redes sociais, IA e deepfake technology) para perfilar, recrutar, controlar e explorar mulheres migrantes, inclusive para fins de exploração sexual. Nesse sentido, expressa preocupação com o uso de tecnologia para a extorsão e divulgação de violência sexual perpetrada por contrabandistas junto às comunidades de migrantes, o que aprofunda a estigmatização das vítimas no contexto do tráfico transnacional de pessoas. Especificamente no seu parágrafo 23, a resolução urge governos e demais partes interessadas, incluindo empresas de tecnologia digital, a prevenir e responder à violência amplificada por plataformas online e IA (como deepfakes) usadas para recrutar, controlar ou extorquir trabalhadoras migrantes, além de fortalecer alfabetização digital, mecanismos de denúncia seguros e acesso equitativo à justiça.",Disponível em: <https://documents.un.org/doc/undoc/gen/n25/363/84/pdf/n2536384.pdf>.,https://documents.un.org/doc/undoc/gen/n25/363/84/pdf/n2536384.pdf
ON-016,ONU / UNICEF / União Europeia,"INFORMES, DOCUMENTOS E COMUNICADOS DE IMPRENSA","UNITED NATIONS. Report of the Special Rapporteur on the sale, sexual exploitation and sexual abuse of children, Mama Fatima Singhateh. Sale, sexual exploitation and sexual abuse of children. A/79/122, General Assembly, Human Rights Council, 09 July 2024.",ASSEMBLEIA GERAL DAS NAÇÕES UNIDAS; CONSELHO DE DIREITOS HUMANOS,INFORME - RELATORIA ESPECIAL DA ONU,Documento institucional / Informe,Deepfakes; Abuso Sexual Infantil; Métodos de Weaponização da IA; Convenção sobre os Direitos da Criança; Devida Diligência Corporativa.,"Trata-se de relatório temático submetido ao Conselho de Direitos Humanos da Assembleia Geral da ONU que mapeia ameaças existentes e emergentes das tecnologias digitais à exploração e ao abuso sexual infantil, abordando cybersexual harassment, abuso de imagem não consensual, materiais autogerados por crianças, sextortion, transmissão ao vivo de abuso, criptomoedas, criptografia de ponta a ponta e contas afetadas pelo ""kidfluencing"" ou ""sharenting"". O documento situa tais práticas no arcabouço normativo da Convenção sobre os Direitos da Criança e de seu Protocolo Facultativo, bem como do Comentário Geral nº 25 do Comitê sobre os Direitos da Criança, propondo recomendações voltadas à regulação, responsabilização corporativa, acesso à justiça e prevenção. Especificamente na seção ""Artificial intelligence-generated child sexual abuse materials"" (§49-§58), são descritos tecnicamente deepfakes, nudificação, de-aging e clonagem de voz enquanto métodos de weaponização de IA generativa (text-to-image, image-to-image e inpainting). Aponta-se que mais de 96% da pornografia gerada por IA é produzida sem o consentimento do indivíduo retratado, bem como a dificuldade de hashing desse material. No mais, menciona-se um caso de estupro coletivo por avatar de criança em realidade virtual no Reino Unido (§59), o qual evidencia a convergência entre deepfakes, tecnologias imersivas e abuso sexual infantil virtual.",Disponível em: <https://documents.un.org/doc/undoc/gen/n24/200/80/pdf/n2420080.pdf>.,https://documents.un.org/doc/undoc/gen/n24/200/80/pdf/n2420080.pdf
ON-017,ONU / UNICEF / União Europeia,"INFORMES, DOCUMENTOS E COMUNICADOS DE IMPRENSA","UNITED NATIONS. The girl child and the impacts of digital and emerging technologies. A/80/273, General Assembly, 29 July 2025.",ASSEMBLEIA GERAL DAS NAÇÕES UNIDAS,RESOLUÇÃO,Resolução / Portaria,Perspectiva de Gênero; Violência de Gênero Facilitada por Tecnologia; Deepfakes; Discriminação Algorítmica; Proteção Infantil Online.,"Trata-se de Relatório submetido em cumprimento à Resolução n° 78/188 da Assembleia Geral da ONU, em que se analisa o status de implementação de direitos das meninas em múltiplos setores (pobreza, saúde, educação, violência, água e saneamento, crises humanitárias) e se examinam especificamente benefícios e danos emergentes das tecnologias digitais para meninas, com ênfase naquelas pertencentes a categorias sociais mais marginalizadas. O relatório discute temas tais quais o divisor digital de gênero, o uso positivo de tecnologias (saúde, educação, proteção social) e os danos digitais (violência baseada em gênero facilitada por tecnologia, assédio, privacidade), encerrando com recomendações estruturadas em três eixos: maximizar benefícios, reduzir divisores digitais e preencher lacunas de proteção. Especificamente no que tange ao diagnóstico de danos (§41-§42), o documento aponta que a IA generativa reproduz vieses de gênero presentes em seus datasets e que o conteúdo pornográfico/violento gerado por IA (incluindo-se, aqui, material de abuso sexual infantil gerado por IA e ""deepfakes"") normaliza a violência contra meninas e mulheres, pois tem sido usado para ameaçar, chantagear ou humilhar vítimas. Por fim, em suas recomendações (§55), o relatório propõe expressamente o desenvolvimento e aplicação de políticas de tolerância zero contra assédio, perseguição e cyberbullying online, com referência específica a mensagens/imagens sexualmente explícitas não consensuais e à ""pornografia deepfake"".",Disponível em: <https://documents.un.org/doc/undoc/gen/n25/205/68/pdf/n2520568.pdf>.,https://documents.un.org/doc/undoc/gen/n25/205/68/pdf/n2520568.pdf
ON-018,ONU / UNICEF / União Europeia,"INFORMES, DOCUMENTOS E COMUNICADOS DE IMPRENSA","UNITED NATIONS. Resolution adopted by the General Assembly on 17 December 2024: Intensification of efforts to prevent and eliminate all forms of violence against women and girls: the digital environment. A/RES/79/152, General Assembly, 19 December 2024.",ASSEMBLEIA GERAL DAS NAÇÕES UNIDAS,RESOLUÇÃO,Resolução / Portaria,Violência de Gênero Digital; Deepfakes; Deepfakes de Conteúdo Íntimo Não Consensual (NCII); Governança de IA; Perspectiva de Gênero.,"Trata-se de resolução da Assembleia Geral da ONU que atualiza e intensifica o arcabouço normativo sobre violência contra mulheres e meninas, com foco específico no ambiente digital, reconhecendo a continuidade entre violência offline e online. O documento situa os deepfakes dentro do fenômeno mais amplo da violência sexual e de gênero mediada por tecnologia, referindo-se expressamente ao conceito enquanto a: ""(...) criação e compartilhamento, ou ameaça de compartilhamento, de conteúdo íntimo real ou simulado, como deepfakes (...)."", classificando tal prática como um fator que contribui para a prevalência continuada da violência contra mulheres e meninas. Também menciona os deepfakes como exemplo de ""novas formas de violência"" decorrentes de tecnologias emergentes de IA, cujos impactos negativos desproporcionais sobre mulheres e meninas são objeto de preocupação expressa. A resolução (§5°, alíneas ""t"" e ""v"") convoca os Estados a regular o ciclo de vida de sistemas de IA e a responsabilizar plataformas digitais quanto à difusão de conteúdo discriminatório e sexualizado. No mais, ancora-se a temática dos deepfakes de conteúdo íntimo não consensual (NCII) no arcabouço normativo do Direto Internacional dos Direitos Humanos e da violência de gênero.",Disponível em: <https://documents.un.org/doc/undoc/gen/n24/413/28/pdf/n2441328.pdf>.,https://documents.un.org/doc/undoc/gen/n24/413/28/pdf/n2441328.pdf
ON-019,ONU / UNICEF / União Europeia,"INFORMES, DOCUMENTOS E COMUNICADOS DE IMPRENSA","UNITED NATIONS. Resolution adopted by the General Assembly on 18 December 2025: The safety of journalists and the issue of impunity. A/RES/80/217, General Assembly, 22 December 2025.",ASSEMBLEIA GERAL DAS NAÇÕES UNIDAS,RESOLUÇÃO,Resolução / Portaria,Deepfakes; Desinformação; Liberdade de Imprensa; Integridade Informacional; Impunidade Digital.,"Trata-se de Resolução adotada pela Assembleia Geral da ONU voltada à proteção de jornalistas e ao combate à impunidade por crimes cometidos contra profissionais de imprensa, em que se confere especial relevância aos riscos ampliados pelo ambiente digital e por tecnologias emergentes. A referência às deepfakes concentra-se no reconhecimento da importância da confiança pública e da credibilidade jornalística ""(...) à luz dos benefícios e desafios decorrentes do uso de novas tecnologias, tais como inteligência artificial, incluindo deepfakes (...)"", em um contexto de desinformação, campanhas de descrédito e ameaça à profissionalidade midiática. O texto da Resolução também trata, de modo correlato, do uso indevido de IA generativa para disseminação de desinformação e propaganda (§4°) e determina ao Secretário-Geral da ONU que produza relatório com foco especial no ""(...) impacto da inteligência artificial sobre a liberdade de imprensa (...)"" (§31). Assim, os deepfakes são tratados como um vetor de desinformação e deslegitimação do jornalismo, reforçando-se a dimensão da integridade informacional e da liberdade de expressão (v., p. ex., o art. 19 do PIDCP) frente às tecnologias de manipulação sintética de mídia.",Disponível em: <https://documents.un.org/doc/undoc/gen/n25/362/58/pdf/n2536258.pdf>.,https://documents.un.org/doc/undoc/gen/n25/362/58/pdf/n2536258.pdf
ON-020,ONU / UNICEF / União Europeia,"INFORMES, DOCUMENTOS E COMUNICADOS DE IMPRENSA","UNITED NATIONS. Report of the Special Rapporteur on the situation of human rights defenders, Michel Forst. Situation of women human rights defenders. A/HRC/40/60, General Assembly, Human Rights Council, 10 January 2019.",ASSEMBLEIA GERAL DAS NAÇÕES UNIDAS,INFORME - RELATORIA ESPECIAL DA ONU,Documento institucional / Informe,Defensoras de Direitos Humanos; Deepfake; Violência de Gênero Online; Assédio Digital; Impunidade.,"Trata-se de relatório submetido ao Conselho de Direitos Humanos da ONU que atualiza, após a última análise de 2011, o panorama da situação das mulheres defensoras de direitos humanos, com enfoque nos riscos e obstáculos de gênero que enfrentam. O documento situa o tema no arcabouço normativo onusiano (p. ex.: Declaração sobre Defensores de Direitos Humanos, PIDCP, CEDAW, Convenção sobre os Direitos da Criança), analisa o impacto do patriarcado, heteronormatividade, ""ideologia de gênero"", fundamentalismos, militarização e políticas neoliberais sobre tais defensoras, cataloga riscos específicos (deslegitimação, estigmatização, violência doméstica, ataques físicos e sexuais, assédio judicial, criminalização, restrições à participação em espaços multilaterais) e examina grupos específicos (meninas, pessoas não binárias, mulheres indígenas, jornalistas, advogadas, mulheres em conflito ou em situação de mobilidade, entre outros). Encerra sua análise propondo oito prioridades de ação e recomendações a Estados, organismos multilaterais e sociedade civil. Especificamente, na seção ""Online harassment, violence and attacks"" (§45-§46), ao tratar do assédio digital enfrentado por defensoras de direitos humanos, o documento reconhece que ""(...) mulheres defensoras têm sido difamadas por vídeos 'deepfake', nos quais imagens e vídeos são combinados e manipulados para criar réplicas geradas por computador delas dizendo e fazendo coisas que não fizeram (...)"". É destacado que as mulheres frequentemente não conseguem se defender desses atos, a exemplo de caso enfrentado pela jornalista indiana Rana Ayyub (abril de 2018), vítima de campanha de ódio online, ameaças de violência sexual e circulação de vídeo pornográfico deepfake manipulado com seu rosto, sem que os responsáveis tenham sido levados à justiça. Datado de 2019, trata-se de um dos primeiros documentos da ONU a registrar formalmente o termo ""deepfake"" associado à violência de gênero digital contra defensoras de direitos humanos.",Disponível em: <https://documents.un.org/doc/undoc/gen/g19/004/97/pdf/g1900497.pdf>.,https://documents.un.org/doc/undoc/gen/g19/004/97/pdf/g1900497.pdf
ON-021,ONU / UNICEF / União Europeia,"INFORMES, DOCUMENTOS E COMUNICADOS DE IMPRENSA","UNITED NATIONS. Annual report of the Special Representative of the Secretary-General on Violence against Children, Najat Maalla M’jid. A/HRC/61/38, General Assembly, Human Rights Council, 24 December 2025.",ASSEMBLEIA GERAL DAS NAÇÕES UNIDAS,RESOLUÇÃO,Resolução / Portaria,Deepfake; Nudify; Sextortion; Crianças e Adolescentes; Proteção de Crianças na Era Digital.,"Trata-se de Relatório temático da Representante Especial do Secretário-Geral da ONU, Najat Maalla M'jid, dedicado ao cyberbullying infantil. O relatório dedica uma seção específica (§48-§51) à análise de como a IA está ""(...) remodelando o cyberbullying de forma profunda"", identificando expressamente ferramentas de ""(...) criação de deepfakes, ferramentas de 'nudificação' (""nudify"") e clonagem de voz (...)"" enqunto cada vez mais utilizadas para humilhar, assediar e coagir crianças, inclusive para a fabricação de imagens sexualmente explícitas ou comprometedoras a partir de fotos inocentes, de acordo com pesquisas empreendidas pelo Cyberbullying Research Center. O documento correlaciona diretamente os ataques baseados em deepfake com extorsão sexual (sextortion), aliciamento (grooming) e abuso baseado em imagem, criando ""(...) novos vetores de exploração"", bem como faz menção a dados (p. ex., mais de 20 milhões de denúncias de exploração sexual infantil em 2024) e estudos da Microsoft/Internet Matters sobre aumento de material de abuso sexual autogerado sob coação. Também é digno de nota o apontamento pela Representante Especial de que a linha entre imagens reais e virtuais encontra-se cada vez mais tênue, dificultando até a identificação por agentes de aplicação da lei bem treinados. O documento apresenta ainda um panorama comparado de respostas regulatórias (p. ex., o ""AI Act"" e o ""Digital Services Act"" da União Europeia e o ""Child Online Safety and Enpowerment Policy"" da União Africana) e de iniciativas lideradas por crianças, consistindo fonte robusta para dimensionar diversos aspectos acerca de deepfakes envolvendo menores e sua interseção com a IA generativa.",Disponível em: <https://documents.un.org/doc/undoc/gen/g25/208/51/pdf/g2520851.pdf>.,https://documents.un.org/doc/undoc/gen/g25/208/51/pdf/g2520851.pdf
ON-022,ONU / UNICEF / União Europeia,"INFORMES, DOCUMENTOS E COMUNICADOS DE IMPRENSA","UNITED NATIONS. Report of the Special Rapporteur on contemporary forms of slavery, including its causes and consequences, Tomoya Obokata. Contemporary forms of slavery, including its causes and consequences. A/78/161, General Assembly, 12 July 2023.",ASSEMBLEIA GERAL DAS NAÇÕES UNIDAS,INFORME - RELATORIA ESPECIAL DA ONU,Documento institucional / Informe,Escravidão Contemporânea; Deepfakes; Exploração Sexual; Dificuldade na Busca por Vítimas Reais de Exploração; Identificação.,"Trata-se de relatório temático que analisa como as tecnologias digitais (internet, redes sociais, Inteligência Artificial, criptomoedas) atuam simultaneamente como vetores de facilitação e de combate à escravidão contemporânea (exploração sexual e laboral, tráfico de pessoas). Especificamente no item dedicado à Inteligência Artificial (§9°), faz-se referência às deepfakes: aponta-se que empresas de entretenimento adulto vêm utilizando IA para gerar imagens sintéticas (""deepfakes"") de pessoas reais a partir de dados biométricos coletados sem consentimento, publicando-as para atrair clientes. Adicionalmente, destaca-se a preocupação de que o volume crescente de imagens falsas geradas por IA dificulta a busca por vítimas reais de exploração e sobrecarrega sistemas de rastreamento e autoridades de aplicação da lei, inclusive quanto à identificação correta de material de abuso infantil. Por fim, o documento contextualiza o fenômeno das deepfakes como um subproduto do uso indevido de IA generativa, articulando-o à falta de diligência de direitos humanos por parte de empresas de tecnologia (cf.: seção V) e recomendando auditoria de vieses algorítmicos e fortalecimento regulatório.",Disponível em: <https://documents.un.org/doc/undoc/gen/n23/203/75/pdf/n2320375.pdf>.,https://documents.un.org/doc/undoc/gen/n23/203/75/pdf/n2320375.pdf
ON-023,ONU / UNICEF / União Europeia,"INFORMES, DOCUMENTOS E COMUNICADOS DE IMPRENSA","UNITED NATIONS. Report of the Special Rapporteur on contemporary forms of slavery, including its causes and consequences, Tomoya Obokata. Worst forms of child labour: assessing progress and persisting challenges. A/HRC/60/28, General Assembly, Human Rights Council, 22 July 2025.",ASSEMBLEIA GERAL DAS NAÇÕES UNIDAS,INFORME - RELATORIA ESPECIAL DA ONU,Documento institucional / Informe,Deepfakes; Exploração Sexual Comercial; Crianças e Adolescentes; Legislação Comparada; Devida Diligência Empresarial.,"Trata-se de relatório que avalia os avanços e desafios persistentes na eliminação das piores formas de trabalho infantil, conforme dispõe a Convenção nº 182 da OIT, com destaque para a exploração sexual comercial de crianças no ambiente digital como uma das manifestações mais alarmantes do fenômeno contemporâneo. O documento situa a ""(...) exploração sexual comercial no ciberespaço, incluindo por meio do uso de deepfakes (...)"", ao lado da chamada ""sextortion"" (extorsão sexual mediante ameaça ou chantagem) e da transmissão ao vivo de abuso sexual infantil enquanto formas de exploração comercial sexual infantil facilitadas por tecnologias digitais (§23), de acordo com dados do Childlight Global Child Security Institute, a exemplo das 302 milhões de vítimas de exploração sexual online em 2024. No âmbito das boas práticas legislativas nacionais (§40), o relatório destaca especificamente a chamada ""Lei sobre Casos Especiais Relativos à Punição de Crimes Sexuais da República da Coreia"", a qual criminaliza expressamente a produção e distribuição de vídeos ""deepfake"", como exemplo de resposta legislativa direta ao fenômeno, constituindo um dos poucos exemplos de tipificação penal específica e nominal de deepfakes. O documento também recomenda aos Estados o fortalecimento da regulação do ambiente digital, incluindo a IA, para enfrentar o recrutamento, tráfico e exploração de crianças (cf.: recomendação ""e"", seção VII.B.1).",Disponível em: <https://documents.un.org/doc/undoc/gen/g25/108/27/pdf/g2510827.pdf>.,https://documents.un.org/doc/undoc/gen/g25/108/27/pdf/g2510827.pdf
ON-024,ONU / UNICEF / União Europeia,"INFORMES, DOCUMENTOS E COMUNICADOS DE IMPRENSA","UNITED NATIONS. Report of the Special Rapporteur on the promotion and protection of the right to freedom of opinion and expression, Irene Khan. Freedom of expression and elections in the digital age. A/HRC/59/50, General Assembly, Human Rights Council, 11 June 2025.",ASSEMBLEIA GERAL DAS NAÇÕES UNIDAS; CONSELHO DE DIREITOS HUMANOS,INFORME - RELATORIA ESPECIAL DA ONU,Documento institucional / Informe,Deepfakes; Perspectiva de Gênero; Desinformação Eleitoral; Liberdade de Expressão; Violência Política de Gênero.,"Trata-se de relatório que examina as vulnerabilidades da liberdade de expressão em contextos eleitorais na era digital, identificando três eixos centrais de análise: a intensificação da desinformação e do discurso de ódio em contextos politicamente polarizados, o recuo (""backsliding"") das plataformas de mídia social em seus compromissos com a integridade eleitoral e o enfraquecimento da mídia tradicional. Especificamente quanto aos deepfakes, estes são citados no contexto da violência de gênero contra mulheres na vida pública: mulheres políticas, candidatas e jornalistas são alvo constante de ações coordenadas de trolls e bots que incluem ""(...) doxing de dados pessoais, notícias falsas, imagens humilhantes ou sexualizadas e deepfakes (...)"", voltados a desacreditá-las e retratá-las como não confiáveis, irracionais ou hipersexualizadas (§12). Em segundo lugar, os deepfakes aparecem no contexto mais amplo do uso da IA generativa em processos eleitorais (§25-§27), no qual a Relatora pondera que tal interferência nas eleições de 2024 não se materializou na escala inicialmente temida, mas constitui preocupação emergente que merece maior escrutínio futuro. O relatório também menciona que plataformas assinaram um acordo setorial para enfrentar o uso de IA enganosa em eleições, incluindo deepfakes e redes de bots (§70). Por fim, do ponto de vista normativo, o documento é robusto por situar sua análise no arcabouço do artigo 19 do PIDCP e nos testes de legalidade, necessidade e proporcionalidade, oferecendo recomendações extensas a Estados, partidos políticos e empresas de tecnologia. Portanto, integra os deepfakes à discussão mais ampla de desinformação eleitoral e violência de gênero digital contra mulheres na política.",Disponível em: <https://documents.un.org/doc/undoc/gen/g25/079/21/pdf/g2507921.pdf>.,https://documents.un.org/doc/undoc/gen/g25/079/21/pdf/g2507921.pdf
ON-025,ONU / UNICEF / União Europeia,"INFORMES, DOCUMENTOS E COMUNICADOS DE IMPRENSA","UNITED NATIONS. Report of the Special Rapporteur on the independence of judges and lawyers, Margaret Satterthwaite. Artificial intelligence in judicial systems: promises and pitfalls. Independence of judges and lawyers. A/80/169, General Assembly, 16 July 2025.",ASSEMBLEIA GERAL DAS NAÇÕES UNIDAS,INFORME - RELATORIA ESPECIAL DA ONU,Documento institucional / Informe,Deepfakes; Provas Digitais; Devido Processo Legal; Inteligência Artificial no Sistema de Justiça; Admissibilidade Probatória.,"Trata-se de Relatório temático dedicado ao uso da Inteligência Artificial em sistemas judiciais, adotando uma abordagem de ""promessas e armadilhas"" em relação ao acesso à justiça, à igualdade processual e à independência ou imparcialidade judicial. Especificamente na seção que trata de dificuldades de contestação de provas geradas por IA em processos judiciais (§41), a Relatora Especial aponta que deepfakes e demais tecnologias de aprimoramento digital podem comprometer a equidade dos julgamentos ao desestabilizar a confiabilidade da prova audiovisual, aumentando o ceticismo generalizado e prejudicando a confiança pública no sistema de justiça, problema este correlato à natureza de ""caixa-preta"" de sistemas de IA usados como prova (a exemplo do ""caso ShotSpotter"", ocorrido nos EUA) e à ausência de padrões uniformes de admissibilidade. Nesse sentido, o documento situa o fenômeno dos deepfakes no âmbito probatório-processual (direito à prova, contraditório, ônus de impugnação), com exemplos jurisprudenciais e normativos dos EUA e menção à Convenção-Quadro do Conselho da Europa sobre IA e Direitos Humanos enquanto um parâmetro regulatório regional europeu desejável.",Disponível em: <https://documents.un.org/doc/undoc/gen/n25/190/54/pdf/n2519054.pdf>.,https://documents.un.org/doc/undoc/gen/n25/190/54/pdf/n2519054.pdf
ON-026,ONU / UNICEF / União Europeia,"INFORMES, DOCUMENTOS E COMUNICADOS DE IMPRENSA","UNITED NATIONS. Resolution adopted by the Human Rights Council on 4 April 2025: Human rights defenders and new and emerging technologies: protecting human rights defenders, including women human rights defenders, in the digital age. A/HRC/RES/58/23, General Assembly, Human Rights Council, 7 April 2025.",ASSEMBLEIA GERAL DAS NAÇÕES UNIDAS; CONSELHO DE DIREITOS HUMANOS,RESOLUÇÃO,Resolução / Portaria,Defensoras de Direitos Humanos; Violência de Gênero Digital; Deepfakes; Devida Diligência em Direitos Humanos; Perspectiva de Gênero.,"Trata-se de Resolução do Conselho de Direitos Humanos da ONU dedicada à proteção de defensores de direitos humanos, com ênfase nas mulheres defensoras, no contexto das tecnologias digitais emergentes. O texto situa os deepfakes dentro de um espectro mais amplo de violência digital de gênero, ao lado de outros mecanismos como doxxing, vigilância arbitrária, spyware, reconhecimento facial e biométrico, bem como o compartilhamento não consensual de conteúdo íntimo. Especificamente, o seu preâmbulo reconhece a ""geração de imagens sintéticas fotorrealistas"" (deepfakes) como uma das aplicações de Inteligência Artificial que, sem salvaguardas de direitos humanos, pode acarretar riscos graves para defensores de direitos humanos; por sua vez, o parágrafo operativo n° 11 condena de forma inequívoca ataques online contra mulheres e meninas que envolvam ""deep-faking"" e compartilhamento não consensual de imagens íntimas reais ou simuladas, associando tal prática à violência sexual e de gênero baseada em tecnologia. O documento não propõe a regulamentação específica e autônoma de deepfakes, mas convoca Estados e empresas de tecnologia a absterem-se do uso de IA sem salvaguardas adequadas e a adotarem princípios internacionais de devida diligência em matéria de direitos humanos (""Guiding Principles on Business and Human Rights""), a fim de potencializar iniciativas regionais de regulação das novas tecnologias.",Disponível em: <https://documents.un.org/doc/undoc/gen/g25/056/59/pdf/g2505659.pdf>.,https://documents.un.org/doc/undoc/gen/g25/056/59/pdf/g2505659.pdf
ON-027,ONU / UNICEF / União Europeia,"INFORMES, DOCUMENTOS E COMUNICADOS DE IMPRENSA","UNITED NATIONS. Report of the Special Rapporteur on minority issues, Fernand de Varennes. Minority issues. A/78/195, General Assembly, 16 August 2023.",ASSEMBLEIA GERAL DAS NAÇÕES UNIDAS,INFORME - RELATORIA ESPECIAL DA ONU,Documento institucional / Informe,Minorias; Discurso de Ódio; Deepfakes; Desinformação; Ameaça Existencial.,"Trata-se de Relatório de encerramento do mandato do Relator Especial (2017-2023), que traça balanço das suas prioridades temáticas do relator (apatridia, educação em língua minoritária, discurso de ódio em redes sociais e prevenção de conflitos étnicos), com destaque final para os riscos emergentes da IA contra minorias. Os deepfakes são mencionados no contexto da advertência do Secretário-Geral da ONU (§82 e nota 38) segundo a qual a IA pode ser usada para ""(...) lançar ataques cibernéticos, gerar deepfakes ou disseminar desinformação e discurso de ódio"", com potencial de gerar consequências graves para a paz e segurança globais. O Relator Especial qualifica a IA, incluindo essa capacidade de geração de deepfakes, enquanto uma ameaça existencial comparável às pandemias e às armas nucleares, recomendando a criação de uma organização internacional de segurança em IA nos moldes da Agência Internacional de Energia Atômica (cf.: recomendação n° 90) e a regulação global de responsabilização de plataformas digitais e seus desenvolvedores. Por fim, o documento cita o fenômeno dos deepfakes como exemplo do potencial lesivo da IA contra minorias, sobretudo pela amplificação de discurso de ódio e desinformação.",Disponível em: <https://documents.un.org/doc/undoc/gen/n23/241/96/pdf/n2324196.pdf>.,https://documents.un.org/doc/undoc/gen/n23/241/96/pdf/n2324196.pdf
ON-028,ONU / UNICEF / União Europeia,"INFORMES, DOCUMENTOS E COMUNICADOS DE IMPRENSA","UNITED NATIONS. Report of the Special Rapporteur on violence against women and girls, its causes and consequences, Reem Alsalem. Sex-based violence against women and girls: new frontiers and emerging issues. A/HRC/59/47, General Assembly, Human Rights Council, 16 June 2025.",ASSEMBLEIA GERAL DAS NAÇÕES UNIDAS; CONSELHO DE DIREITOS HUMANOS,INFORME - RELATORIA ESPECIAL DA ONU,Documento institucional / Informe,Deepfakes; Violência Digital de Gênero; Terminologia Adequada; Exploração Sexual; Educação Sensível ao Trauma.,"O relatório da Relatora Especial analisa formas emergentes de violência de gênero contra mulheres e meninas, discutindo transformações normativas, produção de dados, violência digital, exploração sexual, estereótipos de gênero e impactos das novas tecnologias sobre os direitos das mulheres. Embora o foco principal recaia sobre a violência estrutural de gênero e não especificamente sobre IA, o documento reconhece que os ambientes digitais ampliam mecanismos contemporâneos de objetificação, exploração e violência contra mulheres, inserindo tais práticas no contexto das novas fronteiras da violência de gênero. As deepfakes, embora não constituam o objeto central do relatório, mostram-se diretamente relacionadas às preocupações apresentadas, sobretudo em razão da crescente utilização de imagens e vídeos sintéticos para pornografia não consensual, humilhação pública, violência sexual digital e reforço de estereótipos discriminatórios. Dessa forma, o relatório fornece importante base de direitos humanos para enquadrar deepfakes de conteúdo sexual como manifestações contemporâneas da violência contra mulheres e meninas, exigindo respostas estatais voltadas à prevenção, responsabilização e proteção das vítimas. Especificamente em seu §68, recomenda-se uma abordagem abrangente para enfrentar a violência contra mulheres facilitada por tecnologias digitais. O relatório defende o uso de terminologia que reflita corretamente a gravidade jurídica de crimes como as falsificações sexuais digitais, entendendo em especial que ""(...) classificar crimes de falsificação sexual digital apenas como “deepfakes” tende a minimizar sua natureza ilícita"" (cf.: §68, ""a"", p. 19). No mais, recomenda a adoção de legislação que criminalize todas as formas de violência sexual digital e fortaleça a cooperação internacional para responsabilização dos autores, bem como o aprofundamento dos estudos sobre a relação entre misoginia, movimentos masculinistas misóginos, sexismo e racismo. Por fim, o relatório também sustenta que o enfrentamento da violência gerada por IA deve integrar políticas mais amplas de combate à exploração sexual de mulheres, resssltando a importância de uma educação sensível ao trauma, capaz de prevenir abusos, apoiar vítimas e combater sua culpabilização.",Disponível em: <https://documents.un.org/doc/undoc/gen/g25/069/92/pdf/g2506992.pdf>.,https://documents.un.org/doc/undoc/gen/g25/069/92/pdf/g2506992.pdf
ON-029,ONU / UNICEF / União Europeia,"INFORMES, DOCUMENTOS E COMUNICADOS DE IMPRENSA","UNITED NATIONS. Safety of journalists and the issue of impunity. A/76/285, General Assembly, 12 August 2021.",ASSEMBLEIA GERAL DAS NAÇÕES UNIDAS,RESOLUÇÃO,Resolução / Portaria,Deepfakes; Liberdade de Imprensa; Violência Digital; Mulheres Jornalistas; Perspectiva de Gênero.,"O relatório do Secretário-Geral da Assembleia Geral da ONU, apresentado em conformidade com a Resolução n° 74/157, concentra-se na segurança dos jornalistas e na questão da impunidade no ambiente online, incluindo uma dimensão de gênero ao tratar acerca da segurança das mulheres jornalistas. Após descrever a situação atual, o relatório apresenta um panorama das diversas iniciativas regulatórias que vêm sendo adotadas pelos Países-Membros. Em seguida, são apresentadas recomendações para fortalecer a segurança dos jornalistas no ambiente digital, inclusive por meio da adoção de uma abordagem sensível às questões de gênero. Especificamente no §9°, após mencionar relatório anterior da Relatora para a promoção e proteção do direito à liberdade de opinião e de expressão, Irene Khan (intitulado ""Desinformação e liberdade de opinião e de expressão"" e publicado em 2021), bem como a contribuição da UNESCO para o relatório, destaca-se que as novas tecnologias digitais intensificam os ataques online contra jornalistas. Segundo o relatório, algoritmos amplificam conteúdos falsos e sensacionalistas, enquanto ferramentas de IA são empregadas para disseminar desinformação e produzir deepfakes de natureza sexual direcionados especialmente contra mulheres jornalistas.",Disponível em: <https://documents.un.org/doc/undoc/gen/n21/222/41/pdf/n2122241.pdf>.,https://documents.un.org/doc/undoc/gen/n21/222/41/pdf/n2122241.pdf
ON-030,ONU / UNICEF / União Europeia,"INFORMES, DOCUMENTOS E COMUNICADOS DE IMPRENSA","UNITED NATIONS. Report of the Special Rapporteur on contemporary forms of racism, racial discrimination, xenophobia and related intolerance, Ashwini K.P. Combating glorification of Nazism, neo-Nazism and other practices that contribute to fuelling contemporary forms of racism, racial discrimination, xenophobia and related intolerance. A/HRC/59/63, General Assembly, Human Rights Council, 28 May 2025.",ASSEMBLEIA GERAL DAS NAÇÕES UNIDAS; CONSELHO DE DIREITOS HUMANOS,INFORME - RELATORIA ESPECIAL DA ONU,Documento institucional / Informe,Deepfakes; Racismo; Neonazismo; Discurso de Ódio Online; Desinformação.,"O relatório da Relatora Especial da ONU para Formas Contemporâneas de Racismo, Discriminação Racial, Xenofobia e Intolerância, Ashwini K.P., sistematiza contribuições de Estados e demais atores para medidas de combate ao nazismo, neonazismo, extremismo e discursos de ódio, analisando ainda o crescimento global de crimes de ódio, antissemitismo, islamofobia e radicalização impulsionados por plataformas digitais. O relatório destaca que algoritmos de recomendação, a redução da moderação de conteúdo e a instrumentalização das redes sociais potencializam a disseminação de narrativas extremistas, o recrutamento de novos membros e a circulação de desinformação, incentivando diversos Estados a defenderem maior responsabilização das plataformas digitais. alertou que grupos extremistas estão usando IA e plataformas digitais para ampliar a disseminação de discursos antissemitas, racistas e xenófobos. Especificamente em seu §78, o relatório destaca que, segundo pesquisa da ""Light & Memoria Foundation"", grupos extremistas têm utilizado Inteligência Artificial e deepfakes (a exemplo de deepfakes de voz de Adolf Hitler) em redes sociais como TikTok, X, Instagram e YouTube, argumentando que tais tecnologias tornam a propaganda de ódio mais persuasiva, difícil de identificar e de maior alcance.",Disponível em: <https://documents.un.org/doc/undoc/gen/g25/077/94/pdf/g2507794.pdf>.,https://documents.un.org/doc/undoc/gen/g25/077/94/pdf/g2507794.pdf
ON-031,ONU / UNICEF / União Europeia,"INFORMES, DOCUMENTOS E COMUNICADOS DE IMPRENSA","UNITED NATIONS. Innovation and technological change, and education in the digital age for achieving gender equality and the empowerment of all women and girls. E/CN.6/2023/3, Economic and Social Council, Commission on the Status of Women, 30 December 2022.",ASSEMBLEIA GERAL DAS NAÇÕES UNIDAS,RESOLUÇÃO,Resolução / Portaria,Violência de Gênero Facilitada por Tecnologia; Deepfakes; Desenho Tecnológico Responsivo a Gênero; Digital Services Act; Lacunas Legislativas.,"Relatório preparado para a 67ª sessão da Comissão sobre a Situação da Mulher que analisa o impacto da transformação digital sobre a igualdade de gênero a partir de eixos como acesso e competência digital, ecossistemas de inovação inclusivos, incorporação de perspectiva de gênero no desenho tecnológico e prevenção da violência de gênero facilitada por tecnologia. O documento cita ""fotografias deepfake não consensuais"" como exemplo de forma singularmente nova de violência facilitada por tecnologia que exige a expansão e emenda dos arcabouços legais existentes, já que leis tradicionais sobre assédio ou perseguição nem sempre alcançam esse tipo de conduta. O relatório situa essa constatação dentro de um chamado mais amplo por uma definição abrangente e internacionalmente compartilhada de violência de gênero facilitada por tecnologia, por abordagens regulatórias coerentes entre múltiplos atores (legisladores, polícia, Judiciário, plataformas) e por desenho tecnológico baseado em direitos humanos, citando o ""Digital Services Act"" da União Europeia como exemplo de abordagem corregulatória capaz de impor obrigações de transparência algorítmica e moderação de conteúdo às plataformas digitais.",Disponível em: <https://documents.un.org/doc/undoc/gen/n22/771/55/pdf/n2277155.pdf>.,https://documents.un.org/doc/undoc/gen/n22/771/55/pdf/n2277155.pdf
ON-032,ONU / UNICEF / União Europeia,"INFORMES, DOCUMENTOS E COMUNICADOS DE IMPRENSA","UNITED NATIONS. Report of the Special Rapporteur on the sale, sexual exploitation and sexual abuse of children, Mama Fatima Singhateh. Protecting children from sale, sexual exploitation and sexual abuse: progress, new frontiers and the path forward. A/HRC/61/45, General Assembly, Human Rights Council, 7 January 2026.",ASSEMBLEIA GERAL DAS NAÇÕES UNIDAS; CONSELHO DE DIREITOS HUMANOS,INFORME - RELATORIA ESPECIAL DA ONU,Documento institucional / Informe,Deepfakes; Material de Abuso Sexual Infantil Gerado por IA; Nudificação; Clonagem de Voz; Safety by Design.,"Relatório de encerramento do mandato de seis anos da Relatora Especial, que faz um balanço de sua gestão e identifica as fronteiras emergentes do fenômeno para orientar seu sucessor - dentre elas, de forma central, os riscos do ambiente digital. O documento registra que, no primeiro semestre de 2025, os relatos de material de abuso sexual infantil gerado por Inteligência Artificial saltaram de 6.835 (mesmo período do ano anterior) para 440.419, em um aumento superior a sessenta vezes, e que o ""National Center for Missing and Exploited Children"" documentou 546 mil relatos de aliciamento (online enticement) em 2024, uma alta de 192% em relação ao ano anterior. A Relatora Especial identifica expressamente deepfakes, aplicativos de ""nudificação"" e de ""de-aging"" (rejuvenescimento artificial), compartilhamento de arquivos par a par com IA embarcada e clonagem de voz como tecnologias emergentes que amplificam e estendem métodos já existentes de exploração e produção de material abusivo, destacando ainda táticas como o ""off-platforming"" (deslocamento da conversa para canais criptografados após o primeiro contato em aplicativos convencionais) e o uso de IA preditiva para identificar e disseminar tal material ou testar estratégias de aliciamento em chatbots com aparência infantil. Entre as recomendações, insta os Estados a adotar legislação tecnologicamente neutra e prospectiva que criminalize todas as formas de abuso facilitado por tecnologia, mas sem criminalizar as próprias vítimas infantis, bem como a exigir supervisão regulatória robusta sobre IA, realidade estendida e criptografia de ponta a ponta e a impor privacidade e ""safety by design"", verificação de idade e detecção proativa por parte das empresas de tecnologia, em linha com os Princípios Orientadores sobre Empresas e Direitos Humanos.",Disponível em: <https://documents.un.org/doc/undoc/gen/g25/215/10/pdf/g2521510.pdf>.,https://documents.un.org/doc/undoc/gen/g25/215/10/pdf/g2521510.pdf
ON-033,ONU / UNICEF / União Europeia,"INFORMES, DOCUMENTOS E COMUNICADOS DE IMPRENSA","UNITED NATIONS. Report of the Special Rapporteur on the rights to freedom of peaceful assembly and of association, Clément Nyaletsossi Voule. Preserving the gains and pushing back against the global attack on civic space and growing authoritarianism. A/HRC/56/50, General Assembly, Human Rights Council, 13 September 2024.",ASSEMBLEIA GERAL DAS NAÇÕES UNIDAS; CONSELHO DE DIREITOS HUMANOS,INFORME - RELATORIA ESPECIAL DA ONU,Documento institucional / Informe,Espaço Cívico; Deepfakes; Vigilância Digital; Autoritarismo; Liberdade de Reunião e Associação.,"Trata-se de relatório de balanço do mandato do Relator Especial sobre Liberdade de Reunião Pacífica e de Associação da ONU, apresentado ao Conselho de Direitos Humanos em sua 56ª sessão. O documento identifica um padrão global de ataque sistemático ao espaço cívico, mediante narrativas hostis e populismo, leis restritivas e ""leis de agentes estrangeiros"", supressão de liberdades em períodos eleitorais, conflitos armados, repressão a ativistas climáticos e uso de tecnologias emergentes como ferramenta de vigilância. No eixo dedicado às ""ameaças de tecnologias emergentes"" (seção IV.G), o documento situa as deepfakes, ao lado de desinformação e discurso de ódio, como um instrumento empregado por governos autocráticos para amplificar táticas repressivas e narrativas nocivas, tanto internamente quanto além de suas fronteiras, associando o fenômeno à vigilância digital, ao reconhecimento facial e às ferramentas de perfilamento biométrico que contribuem para o ""encolhimento do espaço cívico"". Entre as recomendações finais, o Relator Especial insta os Estados a apoiar o desenvolvimento de um arcabouço regulatório global para tecnologias emergentes, com base em direitos humanos, bem como a apoiar uma moratória sobre o comércio e o uso dessas tecnologias até que tal arcabouço esteja em vigor. No mais, recomenda que os Estados assegurem responsabilização centrada nas vítimas para todas as violações aos direitos de reunião e associação.",Disponível em: <https://documents.un.org/doc/undoc/gen/g24/101/88/pdf/g2410188.pdf>.,https://documents.un.org/doc/undoc/gen/g24/101/88/pdf/g2410188.pdf
ON-034,ONU / UNICEF / União Europeia,"INFORMES, DOCUMENTOS E COMUNICADOS DE IMPRENSA","UNITED NATIONS. Artificial intelligence in the military domain and its implications for international peace and security. A/80/78, General Assembly, 5 June 2025.",ASSEMBLEIA GERAL DAS NAÇÕES UNIDAS,RESOLUÇÃO,Resolução / Portaria,Inteligência Artificial Militar; Governança Internacional; Segurança Internacional; Desinformação; Deepfakes.,"Trata-se de relatório do Secretário-Geral das Nações Unidas que consolida as contribuições dos Estados-membros acerca das oportunidades, riscos e modelos de governança da Inteligência Artificial no domínio militar, propondo princípios orientadores para seu desenvolvimento e utilização em conformidade com o Direito Internacional dos Direitos Humanos (DIDH) e o Direito Internacional Humanitário (DIH). O documento enfatiza a necessidade de controle humano significativo, responsabilidade, transparência, supervisão durante todo o ciclo de vida dos sistemas de IA, mecanismos de mitigação de vieses, segurança cibernética e cooperação internacional para evitar escaladas militares, proliferação de armas e fragmentação regulatória. Os deepfakes são mencionados expressamente nas contribuições nacionais, especialmente pelo país-membro Áustria, o qual identifica áudios e vídeos sintéticos produzidos por IA como instrumentos de campanhas massivas de desinformação, manipulação da opinião pública e estratégias híbridas de conflito, potencializadas por redes automatizadas de bots. Contudo, ao mesmo tempo, reconhece-se o uso de ferramentas baseadas em IA para detectar conteúdos sintéticos e combater operações de influência. Embora o relatório concentre primordialmente sua análise na IA empregada para fins militares, evidencia-se que os deepfakes extrapolam o campo informacional e assumem relevância para a paz e a segurança internacionais ao ampliarem riscos de manipulação política, operações psicológicas, conflitos híbridos e desestabilização internacional, reforçando a necessidade de adoção, pelos Estados-Membros, de estruturas globais de governança responsáveis e coordenadas.",Disponível em: <https://documents.un.org/doc/undoc/gen/n25/107/66/pdf/n2510766.pdf>.,https://documents.un.org/doc/undoc/gen/n25/107/66/pdf/n2510766.pdf
ON-035,ONU / UNICEF / União Europeia,"INFORMES, DOCUMENTOS E COMUNICADOS DE IMPRENSA","UNITED NATIONS. Review and appraisal of the implementation of the Beijing Declaration and Platform for Action and the outcomes of the twenty-third special session of the General Assembly. E/CN.6/2025/3/Rev.1, Economic and Social Council, Commission on the Status of Women, 3 April 2025.",ASSEMBLEIA GERAL DAS NAÇÕES UNIDAS,RESOLUÇÃO,Resolução / Portaria,Deepfakes; Violência Digital de Gênero; Subnotificações; Papel Ambivalente das Plataformas Digitais; Estereótipos.,"O presente relatório, em conformidade com o mandato estabelecido pela Resolução n° 2022/5 do Conselho Econômico e Social da ONU, constitui uma revisão e avaliação da implementação da Declaração e Plataforma de Ação de Pequim e dos resultados da 23ª sessão especial da Assembleia Geral. O documento examina os desafios relacionados à concretização da igualdade de gênero e ao empoderamento de mulheres e meninas, bem como o papel que elas podem desempenhar na implementação da Agenda 2030 para o Desenvolvimento Sustentável. Em sua Resolução n° 2022/5, o Conselho Econômico e Social conclamou todos os Estados a realizarem revisões nacionais abrangentes dos progressos alcançados e dos desafios enfrentados na implementação da Declaração e Plataforma de Ação de Pequim e dos resultados da 23ª sessão especial da Assembleia Geral. Além disso, incentivou as comissões regionais a conduzirem revisões em âmbito regional, de modo que os resultados dos processos intergovernamentais regionais contribuíssem para a revisão global. Especificamente no capítulo IX, ""Direito de viver livre de violência, estigmas e estereótipos"" (p. 53-55), o relatório destaca que a violência contra mulheres e meninas permanece uma crise global estrutural, alimentada por desigualdades de gênero e normas discriminatórias, com impactos diretos sobre o desenvolvimento sustentável e a concretização da Agenda 2030. O documento ressalta que a mídia e, sobretudo, as plataformas digitais têm desempenhado papel ambivalente: embora possam promover a igualdade de gênero, também reforçam estereótipos e intensificam reações antifeministas. Nos últimos anos, crises como a pandemia de COVID-19, conflitos, mudanças climáticas e o avanço de tecnologias como a IA generativa ampliaram os riscos, criando novos espaços para violência digital, disseminação de estereótipos discriminatórios e fortalecimento de comunidades misóginas online, como a manosphere (""manosfera""). Em resposta a tais fatores, o sistema ONU tem buscado fortalecer seu marco normativo por meio de recomendações e resoluções voltadas ao combate à violência de gênero, incluindo medidas específicas para enfrentar a violência facilitada por tecnologias digitais e reduzir a desigualdade de gênero no ambiente digital. Por fim, o documento pontua que a violência contra mulheres e meninas hoje se manifesta em um continuum entre os ambientes digital e físico. A ausência de padrões internacionais para medir esse fenômeno e a elevada subnotificação de casos dificultam a compreensão de sua real dimensão, embora os dados disponíveis indiquem alta incidência, especialmente entre mulheres jovens e adolescentes. Identificam-se a desinformação, a difamação, o ciberassédio, os discursos de ódio e a falsificação de identidade como as formas mais frequentes de violência digital, com meninas constituindo um grupo particularmente vulnerável à exploração e ao abuso sexual online. Também é enfatizado que o avanço da IA criou novas modalidades de violência de gênero, com destaque para os deepfakes pornográficos não consensuais, que representam a grande maioria dos deepfakes disponíveis na internet e atingem predominantemente mulheres. No mais, observa-se que jornalistas, políticas, ativistas e defensoras de direitos humanos estão entre os principais alvos de violência digital, especialmente quando desafiam normas de gênero ou participam da vida pública e política. Logo, evidencia-se que as tecnologias digitais intensificam desigualdades e formas estruturais de violência de gênero (cf.: §158-164).",Disponível em: <https://documents.un.org/doc/undoc/gen/n25/087/87/pdf/n2508787.pdf>.,https://documents.un.org/doc/undoc/gen/n25/087/87/pdf/n2508787.pdf
ON-036,ONU / UNICEF / União Europeia,"INFORMES, DOCUMENTOS E COMUNICADOS DE IMPRENSA","UNITED NATIONS; CEDAW (Committee on Elimination of Discrimination Against Women). Addendum to General Recommendation No. 30 on women in conflict prevention, conflict and post-conflict situations in relation to the Women Peace and Security agenda. CEDAW/C/GC/30/Add.1, New York, 02 March 2026.",COMITÊ CEDAW,RECOMENDAÇÃO GERAL,Documento institucional / Informe,Perspectiva de Gênero; Deepfakes; Violência de Gênero Digital; Desinformação de Gênero; Devida Diligência Tecnológica.,"Trata-se de adendo à Recomendação Geral n° 30 (2013) do Comitê para a Eliminação da Discriminação contra a Mulher da ONU (Comitê CEDAW), editado por ocasião do 25° aniversário da Resolução n° 1.325 (2000) do Conselho de Segurança, com o propósito de atualizar a agenda acerca do tema ""mulheres, paz e segurança"" diante de transformações na natureza dos conflitos, incluindo a ""arma-lização"" da tecnologia. O documento é extenso e multitemático (tais quais: justiça centrada na sobrevivente, violência sexual relacionada a conflitos, reparações, armas de pequeno porte, minas antipessoal, mudança climática, crime organizado transnacional, etc.). No entanto, especificamente, a seção ""Artificial intelligence"" (§81-§89), notadamente no seu §83, dedica-se ao tema das deepfakes ao inseri-lo no rol de formas emergentes de violência de gênero facilitada por tecnologia, ao lado de compartilhamento não consensual de imagens íntimas, doxing, cybertrafficking e sextortion, associando-as à disseminação de desinformação de gênero por grupos maculinistas (""manosphere"") antes, durante e depois de conflitos armados, com alarmante efeito inibidor (chilling effect) sobre a participação política das mulheres. Nesse sentido, o §84 do documento aprofunda tal análise ao descrever a ""violência digital impulsionada por IA"" enquanto um fenômeno em rápida mutação morfológica, mencionando explicitamente as mídias sintéticas e a realidade virtual como formatos emergentes que espelham, no ambiente digital, formas de violência de gênero já existentes no mundo físico. Destarte, o Comitê CEDAW situa esse diagnóstico dentro de sua própria jurisprudência, compreendida de maneira evolutiva (p. ex., as Recomendações Gerais n° 35, sobre violência de gênero mediada por tecnologia; n° 38, sobre tráfico de mulheres via tecnologia digital, e n° 40, sobre novas ameaças tecnológicas à segurança), sem, contudo, propor regulamentação específica sobre deepfakes, remetendo de modo genérico à necessidade de marcos regulatórios e de devida diligência em direitos humanos por parte de plataformas digitais e empresas (cf.: §86).",Disponível em: https://tbinternet.ohchr.org/_layouts/15/treatybodyexternal/Download.aspx?symbolno=CEDAW%2FC%2FGC%2F30%2FAdd.1&Lang=en.,https://tbinternet.ohchr.org/_layouts/15/treatybodyexternal/Download.aspx?symbolno=CEDAW%2FC%2FGC%2F30%2FAdd.1&Lang=en
ON-037,ONU / UNICEF / União Europeia,"OUTROS DOCUMENTOS ONU (ECHR, COUNCIL OF EUROPE, EDPS)","EUROPEAN COURT OF HUMAN RIGHTS (ECHR); COUNCIL OF EUROPE. Dialogue between judges: Protecting human rights in a world of Artificial Intelligence, algorithms and big data. Proceedings of the Seminar, 31 January 2025.",ECHR; CONSELHO DA EUROPA,DOCUMENTO,Documento institucional / Informe,Inteligência Artificial; Direitos Humanos; Liberdade de Expressão; Estado de Direito; Poder Judiciário.,"O documento reúne os anais do Seminário Judicial de 2025 do Tribunal Europeu dos Direitos Humanos (TEDH), realizado em 31 de janeiro de 2025, sob o tema ""Proteger os direitos humanos num mundo de inteligência artificial, algoritmos e big data"". O Tribunal ainda não havia julgado um caso contencioso diretamente relacionado à IA e Direitos Humanos à época do seminário, mas as discussões anteciparam as questões jurídicas emergentes, estruturadas em quatro eixos: padrões do Conselho da Europa sobre IA; liberdade de expressão na era da IA; IA e direito a um processo equitativo; e não discriminação na IA. Destacou-se a adoção, em 2024, da ""Convenção-Quadro do Conselho da Europa sobre IA e Direitos Humanos, Democracia e Estado de Direito"", primeiro instrumento internacional juridicamente vinculante no campo. Os deepfakes não são objeto de análise autônoma no referido documento, mas integram o espectro mais amplo de implicações da IA generativa para os Direitos Humanos, em especial em temas como liberdade de expressão e proteção contra violência de gênero facilitada por tecnologia.",Disponível em: <https://www.echr.coe.int/d/dialogue-2025-eng>.,https://www.echr.coe.int/d/dialogue-2025-eng
ON-038,ONU / UNICEF / União Europeia,"OUTROS DOCUMENTOS ONU (ECHR, COUNCIL OF EUROPE, EDPS)","COUNCIL OF EUROPE. Resolution 2578 (2024): Risks and opportunities of the metaverse. Parliamentary Assembly, Assembly debate on 4 October 2024 (32nd sitting) (Doc. 16031, report of the Committee on Culture, Science, Education and Media, rapporteur: Mr. Andi-Lucian Cristea). Text adopted by the Assembly on 4 October 2024 (32nd sitting), 2024.",CONSELHO DA EUROPA,RESOLUÇÃO,Resolução / Portaria,Metaverso; Identidades sinteticas; Deepfakes; Responsabilização; Segurança Digital.,"A Resolução n° 2.578 da Assembleia Parlamentar do Conselho da Europa trata o metaverso como uma nova fronteira digital transformadora, reconhecendo tanto seus benefícios em setores como educação e saúde, quanto os riscos que o mesmo apresenta, dentre eles assédio, manipulação e desigualdade social. O relatório preparatório que embasou a resolução identifica, entre as questões relevantes do metaverso, preocupações com segurança, assédio e abuso sexual, não discriminação e direitos das crianças. Quanto ao tema das deepfakes, a resolução não o trata isoladamente, mas o situa no contexto mais amplo dos riscos de geração de conteúdo enganoso e identidades sintéticas no ambiente do metaverso, reconhecendo que tecnologias de síntese de rosto e voz, como aquelas empregadas em deepfakes, aprofundam os riscos de manipulação e impersonificação em ambientes imersivos. Por fim, a Assembleia convoca os Estados-membros a estabelecer marcos legais robustos que assegurem a responsabilização de empresas privadas e a proteção dos direitos humanos no metaverso.",Disponível em: <https://pace.coe.int/en/files/33907/html>.,https://pace.coe.int/en/files/33907/html
ON-039,ONU / UNICEF / União Europeia,"OUTROS DOCUMENTOS ONU (ECHR, COUNCIL OF EUROPE, EDPS)","EUROPEAN COURT OF HUMAN RIGHTS (ECHR). Background paper for the Judicial Seminar 2025: Protecting human rights in a world of Artificial Intelligence, algorithms and big data. Background Document, 19 November 2024.",ECHR,DOCUMENTO,Documento institucional / Informe,Violência Digital de Gênero; Direitos Humanos; Liberdade de Expressão; Estado de Direito; Poder Judiciário.,"O documento de trabalho para o Seminário Judicial do TEDH, de 2025, mapeia o conjunto de padrões do Conselho da Europa e da União Europeia sobre IA e apresenta um panorama da jurisprudência do Tribunal relevante para os três subeixos do seminário: liberdade de expressão na era da IA, IA e direito a um processo equitativo, e discriminação na IA. No subeixo da não discriminação, o documento destaca a violência cibernética de gênero como um dos campos em que a jurisprudência do TEDH sobre tecnologias deve ser aplicada. Embora não trate das deepfakes de modo autônomo, o referido background paper os enquadra implicitamente na violência digital de gênero e na desinformação mediada por IA. Por fim, registra a ""Convenção-Quadro sobre IA"" e o AI Act da União Europeia como marcos normativos capazes de orientar a análise judicial futura de casos contenciosos envolvendo IA e Direitos Humanos.",Disponível em: <https://www.echr.coe.int/d/seminar-background-paper-2025-eng>.,https://www.echr.coe.int/d/seminar-background-paper-2025-eng
ON-040,ONU / UNICEF / União Europeia,"OUTROS DOCUMENTOS ONU (ECHR, COUNCIL OF EUROPE, EDPS)","COMISSÃO EUROPEIA. Communication from the Commission. Commission Guidelines on prohibited artificial intelligence practices established by Regulation (EU) 2024/1689 (AI Act). Brussels, C(2025) 5052 final, 29.7.2025.",COMISSÃO EUROPEIA,GUIDELINES,Documento institucional / Informe,Inteligência Artificial; Direitos Humanos; Marcação (watermarking); Deepfakes; Transparência Regulatória.,"As diretrizes publicadas pela Comissão Europeia em 04 de fevereiro de 2025 fornecem um panorama das práticas de IA consideradas inaceitáveis em razão de seus riscos aos valores comuns europeus e aos direitos fundamentais, endereçando especificamente práticas como manipulação prejudicial, pontuação social e identificação biométrica remota em tempo real, dentre outras. Quanto às deepfakes, as diretrizes dialogam diretamente com o artigo 50 do AI Act, o qual estabelece obrigações de transparência para sistemas de IA que geram conteúdo sintético, incluindo o requisito de marcação (watermarking) de deepfakes e a proibição de práticas enganosas que comprometam a autonomia das pessoas. As diretrizes não são vinculantes, com a interpretação autoritativa reservada ao Tribunal de Justiça da UE, mas oferecem explicações jurídicas e exemplos práticos para que as partes interessadas compreendam e cumpram os requisitos do AI Act.",Disponível em: <https://digital-strategy.ec.europa.eu/en/library/commission-publishes-guidelines-prohibited-artificial-intelligence-ai-practices-defined-ai-act>.,https://digital-strategy.ec.europa.eu/en/library/commission-publishes-guidelines-prohibited-artificial-intelligence-ai-practices-defined-ai-act
ON-041,ONU / UNICEF / União Europeia,"OUTROS DOCUMENTOS ONU (ECHR, COUNCIL OF EUROPE, EDPS)","COMISSÃO EUROPEIA. Commission investigates Grok and X's recommender systems under the Digital Services Act. Brussels, 25 January 2026.",COMISSÃO EUROPEIA,DOCUMENTO,Documento institucional / Informe,Deepfakes; Chatbots de IA; Abuso Sexual Infantil; Investigação; Responsabilidade Civil.,"A Comissão Europeia abriu procedimento formal contra a plataforma ""X"" (ex-Twitter) ao abrigo do Digital Services Act (DSA), expandindo investigação existente sobre os sistemas de recomendação para abranger a implantação do chatbot de IA ""Grok"". A investigação avaliará se a empresa cumpriu suas obrigações legais de avaliar e mitigar riscos associados à implantação das funcionalidades do ""Grok"", incluindo os riscos relativos à disseminação de conteúdo ilegal, como imagens sexualmente explícitas manipuladas (inclusive conteúdos que podem constituir material de abuso sexual infantil), que parecem ter se materializado, expondo cidadãos da UE a danos graves. O caso representa a primeira investigação formal europeia em que deepfakes gerados por IA generativa integrada a uma plataforma de grande escala motivam diretamente a abertura de procedimento no DSA.",Disponível em: <https://ec.europa.eu/commission/presscorner/detail/en/ip_26_203>.,https://ec.europa.eu/commission/presscorner/detail/en/ip_26_203
ON-042,ONU / UNICEF / União Europeia,"OUTROS DOCUMENTOS ONU (ECHR, COUNCIL OF EUROPE, EDPS)",UNIÃO EUROPEIA. European Data Protection Supervisor. Joint Statement on AI-Generated Imagery and the Protection of Privacy. 23 February 2026.,EDPS,DECLARAÇÃO CONJUNTA,Documento institucional / Informe,Deepfakes; Direitos Humanos; Deepfakes sexuais; Direitos das Crianças. Transparência Regulatória.,"A declaração conjunta, coordenada pelo Grupo de Trabalho de Cooperação Internacional de Aplicação da lei da Global Privacy Assembly e assinada por 61 autoridades de proteção de dados de todo o mundo, foi emitida em resposta a preocupações graves com sistemas de IA que geram imagens e vídeos realistas representando indivíduos identificáveis sem seu conhecimento ou consentimento (deepfakes). Os signatários expressaram preocupação com desenvolvimentos recentes (especialmente a integração de geração de imagens e vídeos por IA em plataformas de redes sociais amplamente acessíveis), que permitem a criação de imagens íntimas não consensuais, representações difamatórias e outros conteúdos prejudiciais com rostos de pessoas reais, em especial quanto às crianças. A declaração é inteiramente centrada no fenômeno das deepfakes, relembrando às organizações que desenvolvem e utilizam sistemas de geração de conteúdo por IA que devem implementar salvaguardas robustas, garantir transparência significativa, oferecer mecanismos de proteção acessíveis e tratar riscos específicos para crianças.",Disponível em: <https://www.edps.europa.eu/data-protection/our-work/publications/international-conferences/2026-02-23-joint-statement-ai-generated-imagery-and-protection-privacy_en>.,https://www.edps.europa.eu/data-protection/our-work/publications/international-conferences/2026-02-23-joint-statement-ai-generated-imagery-and-protection-privacy_en
ON-043,ONU / UNICEF / União Europeia,"OUTROS DOCUMENTOS ONU (ECHR, COUNCIL OF EUROPE, EDPS)",UNIÃO EUROPEIA. European Data Protection Supervisor. Opinion 3/2018. EDPS Opinion on online manipulation and personal data. 19 March 2018.,EDPS,DOCUMENTO,Documento institucional / Informe,Deepfakes; Democracia; Coleta de Dados Pessoais; Manipulação Online; Privacidade.,"O Parecer n° 3/2018 do EDPS aborda o ecossistema digital de informação e o papel dos dados pessoais na microssegmentação e manipulação de indivíduos, analisando como grandes plataformas combinam a coleta massiva de dados, perfilamento e sistemas de IA para direcionar conteúdo político e comercial. Embora anterior à emergência das deepfakes como um fenômeno de massa, o documento estabeleceu o enquadramento analítico sobre manipulação online, que passou a ser aplicado posteriormente às deepfakes. O parecer identificou o papel central dos sistemas de IA na amplificação de conteúdo viral prejudicial e na erosão da autonomia informacional dos indivíduos, bases conceituais que fundamentam a análise jurídica contemporânea do impacto das deepfakes sobre a integridade democrática e os direitos fundamentais, entre a privacidade e a liberdade de expressão.",Disponível em: <https://www.edps.europa.eu/sites/default/files/publication/18-03-19_online_manipulation_en.pdf>.,https://www.edps.europa.eu/sites/default/files/publication/18-03-19_online_manipulation_en.pdf
ON-044,ONU / UNICEF / União Europeia,"OUTROS DOCUMENTOS ONU (ECHR, COUNCIL OF EUROPE, EDPS)","UNIÃO EUROPEIA. European Data Protection Supervisor. Press Release: Extension of interim rules to combat child sexual abuse online must address shortcomings and prevent indiscriminate scanning. EDPS/2026/03, Brussels, 17 February 2026.",EDPS,COMUNICADO DE IMPRENSA,Documento institucional / Informe,Deepfakes; Direios Humanos; Deepfakes sexuais; Abuso Sexual Infantil; Direitos das Crianças.,"O Comunicado de Imprensa anuncia o Parecer n° 7/2026 do EDPS sobre a proposta da Comissão Europeia de prorrogar a aplicação do Regulamento (UE) n° 2021/1232 (regras provisórias relativas ao tratamento de dados para combate ao material de abuso sexual infantil online) até abril de 2028. Embora focado em CSAM, enfrenta diretamente a questão do CSAM gerado por IA, incluindo deepfakes sexuais envolvendo crianças, como uma das formas de conteúdo ilegal cujo combate justifica a manutenção do marco regulatório provisório. O EDPS sublinha que o combate ao abuso sexual infantil é objetivo de interesse geral da União Europeia, ao mesmo tempo em que alerta que as medidas temporárias não podem ferir os direitos fundamentais, exigindo salvaguardas efetivas em conformidade com os princípios da necessidade e da proporcionalidade.",Disponível em: <https://www.edps.europa.eu/system/files/2026-02/2026_03_press_release_extension_of_interim_csam_regulation_en.pdf>.,https://www.edps.europa.eu/system/files/2026-02/2026_03_press_release_extension_of_interim_csam_regulation_en.pdf
ON-045,ONU / UNICEF / União Europeia,LEGISLAÇÃO EUROPEIA,FRANÇA. Código Penal. Chapitre VI : Des atteintes à la personnalité (Articles 226-1 à 226-32). Section 1: De l'atteinte à la vie privée (Articles 226-1 à 226-7) e Section 2: De l'atteinte à la représentation de la personne (Articles 226-8 à 226-9).,CÓDIGO PENAL FRANCÊS,LEGISLAÇÃO,Legislação,Código Penal; Manipulação Digital; Deepfakes; Direitos da Personalidade; Legislação.,"O Código Penal francês, disponibilizado integralmente na plataforma Légifrance, é o instrumento de direito positivo que criminaliza diversas formas de manipulação digital, incluindo montagens de imagens de pessoas (artigo 226-8), divulgação de imagens sexuais sem consentimento (artigos 222-33-3 e seguintes) e difamação. A relevância para o tema das deepfakes decorre da aplicação desses dispositivos à geração e disseminação de conteúdo audiovisual falso que atinge a reputação, a honra e a privacidade das pessoas. As reformas legislativas francesas recentes, especialmente as que acompanharam a Loi visant à lutter contre le harcèlement en ligne e a transposição de diretivas europeias, reforçaram a aplicabilidade do Código Penal aos deepfakes não consensuais, reconhecendo sua natureza como forma de violência digital.",Disponível em: <https://www.legifrance.gouv.fr/codes/texte_lc/LEGITEXT000006070719/>.,https://www.legifrance.gouv.fr/codes/texte_lc/LEGITEXT000006070719/
ON-046,ONU / UNICEF / União Europeia,LEGISLAÇÃO EUROPEIA,"REINO UNIDO. Online Safety Act 2023. London: The Stationery Office, 26 October 2023.",ONLINE SAFETY ACT - REINO UNIDO,LEGISLAÇÃO,Legislação,Deepfakes; Legislação; Responsabilidade Civil; Deepfakes sexuais; Moderação de Conteúdo.,"O Online Safety Act 2023 do Reino Unido constitui o principal instrumento legislativo britânico para a regulação de plataformas digitais, impondo obrigações de segurança de conteúdo a provedores de serviços online. As deepfakes são explicitamente abordadas na lei: a criação e partilha de deepfakes sexuais não consensuais foi criminalizada pelo Online Safety Act, que também criou novas infrações relacionadas a imagens íntimas falsas geradas por IA. A legislação impõe às plataformas deveres de remoção de conteúdo ilegal, incluindo deepfakes sexuais não consensuais, bem como obriga os provedores a adotar sistemas de moderação proativa e avaliação de riscos para usuários adultos e crianças.",Disponível em: <https://www.legislation.gov.uk/ukpga/2023/50>.,https://www.legislation.gov.uk/ukpga/2023/50
ON-047,ONU / UNICEF / União Europeia,LEGISLAÇÃO EUROPEIA,"UNIÃO EUROPEIA. Regulation (EU) 2022/2065 of the European Parliament and of the Council of 19 October 2022 on a Single Market For Digital Services and amending Directive 2000/31/EC (Digital Services Act). European Parliament, European Union, 19 October 2022.",DIGITAL SERVICES ACT,LEGISLAÇÃO,Legislação,Deepfakes; Legislação; Responsabilidade Civil; Violência de Gênero; Moderação de Conteúdo.,"O Digital Services Act estabelece o quadro regulatório para plataformas digitais na União Europeia, com repercussões diretas sobre deepfakes. Para plataformas muito grandes (Very Large Online Platforms - VLOPs), o DSA exige avaliação e mitigação de riscos sistêmicos, incluindo a disseminação de conteúdo ilegal - categoria que abrange deepfakes sexuais não consensuais - e os efeitos negativos sobre a violência de gênero. O artigo 35 obriga tais plataformas a adotarem medidas de mitigação proporcionais, enquanto o artigo 34 exige avaliações de risco que contemplem especificamente os riscos decorrentes de conteúdo gerado por IA. O caso da investigação da Comissão sobre o ""Grok""/""X"", acima mencionado, demonstra a aplicação concreta do DSA ao controle de deepfakes gerados por IA em plataformas de grande escala.",Disponível em: <https://eur-lex.europa.eu/eli/reg/2022/2065/oj/eng>.,https://eur-lex.europa.eu/eli/reg/2022/2065/oj/eng
ON-048,ONU / UNICEF / União Europeia,LEGISLAÇÃO EUROPEIA,"UNIÃO EUROPEIA. Regulation (EU) 2024/1689 of the European Parliament and of the Council of 13 June 2024 laying down harmonised rules on artificial intelligence and amending Regulations (EC) No 300/2008, (EU) No 167/2013, (EU) No 168/2013, (EU) 2018/858, (EU) 2018/1139 and (EU) 2019/2144 and Directives 2014/90/EU, (EU) 2016/797 and (EU) 2020/1828 (Artificial Intelligence Act). European Parliament, European Union, 13 June 2024.",AI ACT,LEGISLAÇÃO,Legislação,Deepfakes; Legislação; Transparência; Manipulação Subliminar; Marcação (watermarking).,"O Regulamento (UE) n° 2024/1689, denominado AI Act, é o primeiro marco normativo abrangente da União Europeia sobre IA. As deepfakes são objeto de tratamento direto em dois eixos principais: (i) o artigo 50, o qual estabelece obrigações de transparência para sistemas de IA que geram conteúdo sintético, incluindo marcação (watermarking) de deepfakes de áudio e vídeo e exigência de divulgação aos utilizadores; e (ii) a proibição de certas aplicações de IA relacionadas à manipulação subliminar e a sistemas que exploram vulnerabilidades humanas (artigo 5), por meio do enquadramento de deepfakes manipulatórios de alto risco. A classificação baseada em riscos promovida pelo AI Act orienta as autoridades nacionais de fiscalização na avaliação do uso de IA generativa para produção de deepfakes.",Disponível em: <https://eur-lex.europa.eu/eli/reg/2024/1689/oj>.,https://eur-lex.europa.eu/eli/reg/2024/1689/oj
